,abs_standardised_mean_difference
mean_7d,0.5949698712404436
mean_24h,0.49452717496193527
consumption,0.33053922473894254
cons_1h,0.33035901507161325
cons_yesterday,0.32560364259003416
same_hour_last_week,0.3220845114042181
wind,0.22640728436722896
temp_mean_24h,0.11177938815518285
temperature,0.10405667917550192
cloud,0.0382455645038227
humidity,0.030588407650891537
rain,0.018876270368437555
season_cos,0.009110827406641653
holiday,0.006101730544504293
weekend,0.00405342406042925
dow,0.002286312564304319
season_sin,0.0006064560119914446
hour,0.0
