,count,mean,std,min,1%,25%,50%,75%,99%,max,skew,zero_pct
consumption,43824.0,38109.804624634904,6197.273359184719,19209.2,25808.8435,33159.21,38256.175,42236.972499999996,53430.326499999996,59503.67,0.22330301378212541,0.0
generation,43824.0,36029.87423306864,5759.31571662483,11175.31,22315.1281,31852.377500000002,35887.015,39974.9775,49632.4667,56219.06,0.04500730655686995,0.0
price_tl,43824.0,1993.135536920409,1090.1756453802377,0.74,123.47520000000004,1107.82,2131.72,2734.6099999999997,4713.272099999997,4905.5,0.03318479375913282,0.0
temperature,43824.0,15.772203358890106,8.250155045316873,-5.68,-0.22,9.24,15.22,22.17,32.967699999999965,38.42,0.14839637239621759,0.0
feels_like,43824.0,14.251763645491057,9.694545390221695,-9.73,-4.8077,6.53,13.56,22.33,33.69769999999997,39.2,0.08971288337726435,0.0
humidity,43824.0,67.14122261774371,15.415055390738774,14.99,29.6,56.4875,69.875,79.28,91.71769999999997,97.09,-0.5545026398753367,0.0
cloud,43824.0,42.50317565717415,31.60750003678342,0.0,0.0,11.89,40.09,70.7925,99.46,100.0,0.2060973014776845,1.7
wind,43824.0,11.531905120481927,4.610402230000592,1.36,3.76,8.01,10.81,14.49,23.87769999999997,37.44,0.6732563668981827,0.0
rain,43824.0,0.07677391383716686,0.25087487636332434,0.0,0.0,0.0,0.0,0.05,1.15,7.87,8.692147519113393,59.9
holiday,43824.0,0.03778751369112815,0.190684155589134,0.0,0.0,0.0,0.0,0.0,1.0,1.0,4.848159301732078,96.2
year,43824.0,2023.000547645126,1.4140359544900152,2021.0,2021.0,2022.0,2023.0,2024.0,2025.0,2025.0,-0.000968221730394713,0.0
month,43824.0,6.52354874041621,3.448572488398974,1.0,1.0,4.0,7.0,10.0,12.0,12.0,-0.009526612255489205,0.0
hour,43824.0,11.5,6.922265530902663,0.0,0.0,5.75,11.5,17.25,23.0,23.0,0.0,4.2
dow,43824.0,3.0,2.0005703953526077,0.0,0.0,1.0,3.0,5.0,6.0,6.0,0.0,14.3
weekend,43824.0,0.2858707557502738,0.45183329363745534,0.0,0.0,0.0,0.0,1.0,1.0,1.0,0.9478673658960453,71.4
