target_time,hours,mean_mwh,MAPE_last_week,MAPE_model
1,720.0,39162.39055555556,4.601057438406223,2.1450198216548246
2,696.0,38073.16178160919,4.107079771366188,1.5788996801316895
3,744.0,37041.346075268826,3.213061951748928,1.8804908779328124
4,720.0,33417.06052777777,15.483054712745808,3.5105005116848087
5,744.0,36410.25446236559,2.580016952766856,1.5239441215392457
6,720.0,39587.25998611111,14.935115152576936,3.4924544742379595
7,744.0,45841.25356182796,4.620524960845783,2.624625593239598
8,744.0,45432.97690860215,2.7668746906306234,2.0993823506875198
9,720.0,39023.005638888884,5.152317559848883,1.511253923993119
10,744.0,36015.32232526882,2.5975876445687267,1.556161174558653
11,720.0,38183.44834722223,3.0880746006498714,1.413789682464042
12,744.0,40004.61599462366,2.5010872499979673,1.7942795673370033
