,abs_rank_correlation_with_target
same_hour_last_week,0.8843422876062504
consumption,0.8441086435128379
cons_1h,0.8049387140215802
cons_yesterday,0.7490313289002544
humidity,0.522485237548017
hour,0.498298263983282
mean_7d,0.42337982533275875
mean_24h,0.39587820420043945
temperature,0.33637467480841193
weekend,0.28920114938528746
wind,0.27252237323424605
holiday,0.19231149621349858
temp_mean_24h,0.17999221967538637
dow,0.14993294160142986
season_sin,0.13173216309486202
season_cos,0.10518620338216937
cloud,0.10439282068125748
rain,0.0029529741261424755
