model,MAE,sd,RMSE,R2,train_s
Same hour last week,2028.3911792237443,0.0,3285.9169885270603,0.7431381896070353,0.0
Ridge,1455.0461389683808,0.0,2019.883326449454,0.9029403027865988,0.024491340015083553
Elastic Net,1455.7458524567649,0.0,2020.500183153997,0.9028810111766392,0.5317788400221616
k-NN,1216.0847469558598,0.0,1681.2127914683783,0.9327593760074858,0.019807620020583273
Decision Tree,1063.6399012948743,3.68692077178172,1720.2148973696462,0.9296004389769597,0.2814354200148955
Random Forest,888.3287578325007,1.7327265579967357,1436.4723013368741,0.9509111388442235,12.846796099981294
Extra Trees,823.6132696618915,3.1391720580328175,1301.8511399753347,0.9596808093930452,4.021057580015622
HistGB,961.2279655005208,5.167238421287169,1479.013294295063,0.9479591261726504,1.2614587200107052
LightGBM,939.3476661929506,7.24835299047326,1435.57038062339,0.9509700675944085,0.8860926000401378
XGBoost,942.0928007776826,8.456466601798892,1441.8686639370892,0.950538067170239,2.1167294999817385
Small MLP,852.9980246150769,18.35948963872223,1292.272328123729,0.9602603387666833,17.369924660003743
