,dtype,missing_pct,unique,example
time,datetime64[ns],0.0,43824,2021-01-01 00:00:00
consumption,float64,0.0,43420,29489.46
generation,float64,0.0,43343,29488.11
price_tl,float64,0.0,40831,259.39
temperature,float64,0.0,3781,9.79
feels_like,float64,0.0,4322,6.91
humidity,float64,0.0,6581,77.41
cloud,float64,0.0,9724,59.42
wind,float64,0.0,2432,13.5
rain,float64,0.0,281,0.01
holiday,int64,0.0,2,1
year,int32,0.0,5,2021
month,int32,0.0,12,1
hour,int32,0.0,24,0
dow,int32,0.0,7,4
weekend,int64,0.0,2,0
