model,MAPE_all,MAPE_ordinary_days,MAPE_holidays
Same hour last week,5.4343771349692505,4.681406434881135,25.8225068604321
Ridge,3.8054315021438843,3.652994647663152,7.932952485006781
Elastic Net,3.806502816806079,3.653463046749905,7.950348898327066
k-NN,3.1387685301040302,3.0380223702386524,5.866664551074269
Decision Tree,2.7449877843091803,2.5558390630570194,7.8665531597523
Random Forest,2.2762312648658103,2.1457761835291413,5.808553467212523
Extra Trees,2.0926685955863054,2.012289089358822,4.269098302668926
HistGB,2.444151752510735,2.3643773604337404,4.604196830287816
LightGBM,2.372330448539968,2.284600971521715,4.747774749341899
XGBoost,2.423369570037236,2.318504631111421,5.262789454797781
Small MLP,2.283086031646355,2.190193774192101,4.798322541176908
