column_name,column_type,null_percentage,approx_unique
time,TIMESTAMP_NS,0.0,36722
year,INTEGER,0.0,5
consumption,DOUBLE,0.0,49580
temperature,DOUBLE,0.0,2792
humidity,DOUBLE,0.0,5303
cloud,DOUBLE,0.0,7761
wind,DOUBLE,0.0,2101
rain,DOUBLE,0.0,342
y,DOUBLE,0.0,49580
target_time,TIMESTAMP_NS,0.0,36722
holiday,BIGINT,0.0,2
temp_at_target,DOUBLE,0.0,2792
cons_1h,DOUBLE,0.0,49580
cons_yesterday,DOUBLE,0.0,49580
same_hour_last_week,DOUBLE,0.0,50406
mean_24h,DOUBLE,0.0,39736
mean_7d,DOUBLE,0.0,46016
temp_mean_24h,DOUBLE,0.0,37309
target_year,BIGINT,0.0,5
hour,BIGINT,0.0,24
