period,mean,median,std,count
0,1.005,0.862,0.361,16
1,1.946,1.946,0.126,2
2,1.746,1.721,0.075,4
3,1.895,1.846,0.114,3
4,1.475,1.524,0.359,7
5,1.888,1.835,0.109,3
6,1.631,1.653,0.133,7
7,1.887,1.835,0.11,3
8,1.582,1.566,0.112,6
9,1.883,1.835,0.102,3
10,1.609,1.636,0.148,7
11,1.888,1.836,0.11,3
12,1.453,1.451,0.005,3
13,1.924,1.924,0.126,2
14,1.831,1.831,,1
15,1.727,1.826,0.304,3
16,1.558,1.541,0.12,6
17,1.875,1.833,0.081,3
18,1.657,1.651,0.044,3
19,1.87,1.829,0.075,3
20,1.546,1.532,0.116,6
21,1.864,1.825,0.071,3
22,1.538,1.522,0.12,6
23,1.815,1.815,,1
24,1.599,1.428,0.255,5
26,1.661,1.66,0.186,8
28,1.632,1.626,0.194,7
29,1.823,1.823,,1
30,1.716,1.678,0.133,5
31,1.812,1.812,,1
32,1.674,1.674,0.155,7
33,1.805,1.805,,1
34,1.704,1.672,0.133,5
35,1.791,1.791,,1
36,1.719,1.786,0.194,4
38,1.685,1.724,0.15,8
40,1.597,1.595,0.135,5
41,1.869,1.847,0.101,3
42,1.59,1.588,0.141,5
43,1.771,1.771,,1
44,1.635,1.617,0.102,4
45,1.858,1.847,0.095,3
46,1.585,1.576,0.06,3
47,1.754,1.754,,1
48,1.764,1.764,,1
49,1.891,1.891,0.078,2
50,1.642,1.638,0.089,4
52,1.772,1.772,,1
53,1.829,1.826,0.093,3
54,1.642,1.63,0.101,4
55,1.732,1.732,,1
56,1.636,1.624,0.104,4
57,1.827,1.825,0.119,3
58,1.628,1.614,0.107,4
59,1.711,1.711,,1
60,1.622,1.605,0.109,4
61,1.863,1.863,0.054,2
62,1.602,1.599,0.09,4
64,1.766,1.766,,1
65,1.814,1.814,0.065,3
66,1.615,1.597,0.115,4
67,1.733,1.733,,1
68,1.613,1.596,0.116,4
69,1.802,1.815,0.074,3
70,1.606,1.586,0.118,4
71,1.712,1.712,,1
72,1.602,1.583,0.119,4
73,1.835,1.835,0.03,2
74,1.58,1.575,0.099,4
76,1.756,1.756,,1
77,1.781,1.803,0.078,3
78,1.592,1.572,0.127,4
79,1.682,1.682,,1
80,1.589,1.567,0.127,4
81,1.779,1.804,0.093,3
82,1.583,1.56,0.129,4
83,1.666,1.666,,1
84,1.575,1.551,0.134,4
85,1.888,1.888,0.052,2
86,1.546,1.543,0.098,4
88,1.751,1.751,,1
89,1.787,1.831,0.123,3
90,1.569,1.544,0.137,4
91,1.639,1.639,,1
92,1.567,1.54,0.136,4
93,1.768,1.82,0.122,3
94,1.562,1.537,0.138,4
95,1.622,1.622,,1
96,1.556,1.529,0.141,4
97,1.824,1.824,0.021,2
98,1.516,1.518,0.09,4
100,1.656,1.656,,1
101,1.766,1.805,0.079,3
103,1.432,1.432,0.307,2
104,1.643,1.643,,1
105,1.748,1.799,0.101,3
106,1.634,1.634,,1
107,1.616,1.616,,1
108,1.627,1.627,,1
109,1.793,1.793,0.006,2
110,1.615,1.615,0.006,2
112,1.611,1.611,,1
113,1.72,1.781,0.108,3
116,1.525,1.525,0.285,2
117,1.772,1.772,0.001,2
118,1.717,1.717,,1
120,1.696,1.696,,1
121,1.767,1.767,0.009,2
122,1.678,1.678,,1
124,1.661,1.661,,1
125,1.759,1.759,0.012,2
127,1.666,1.666,,1
129,1.716,1.739,0.061,3
131,1.626,1.626,,1
133,1.711,1.755,0.086,3
135,1.711,1.763,0.092,3
139,1.743,1.743,0.013,2
140,1.674,1.674,,1
142,1.64,1.64,,1
143,1.728,1.728,0.02,2
144,1.613,1.613,,1
146,1.592,1.592,,1
147,1.719,1.719,0.024,2
149,1.735,1.794,0.129,3
152,1.58,1.58,,1
153,1.796,1.796,0.018,2
154,1.564,1.564,,1
156,1.556,1.556,,1
157,1.772,1.772,0.006,2
158,1.54,1.54,,1
161,1.678,1.745,0.126,3
164,1.532,1.532,,1
165,1.738,1.738,0.012,2
166,1.522,1.522,,1
168,1.507,1.507,,1
169,1.725,1.725,0.024,2
170,1.501,1.501,,1
173,1.643,1.698,0.129,3
176,1.533,1.533,,1
177,1.704,1.704,0.031,2
178,1.524,1.524,,1
180,1.501,1.501,,1
181,1.694,1.694,0.031,2
182,1.492,1.492,,1
184,1.483,1.483,,1
185,1.686,1.686,0.035,2
187,1.481,1.481,,1
189,1.61,1.651,0.122,3
191,1.468,1.468,,1
193,1.6,1.64,0.126,3
196,1.448,1.448,,1
197,1.662,1.662,0.046,2
199,1.453,1.453,,1
201,1.579,1.609,0.124,3
203,1.439,1.439,,1
205,1.569,1.604,0.127,3
208,1.425,1.425,,1
209,1.637,1.637,0.053,2
211,1.47,1.47,,1
213,1.568,1.588,0.107,3
215,1.521,1.502,0.087,6
217,1.428,1.428,,1
219,1.535,1.539,0.079,6
221,1.517,1.522,0.028,3
222,1.455,1.455,,1
223,1.546,1.533,0.063,5
224,1.428,1.428,,1
225,1.493,1.504,0.029,3
226,1.42,1.42,,1
227,1.53,1.507,0.07,5
228,1.416,1.416,,1
231,1.5,1.489,0.08,6
233,1.463,1.478,0.029,3
234,1.408,1.408,,1
235,1.503,1.476,0.08,5
236,1.397,1.397,,1
237,1.44,1.457,0.037,3
239,1.514,1.495,0.081,4
243,1.504,1.485,0.083,4
245,1.43,1.43,0.014,2
247,1.488,1.472,0.093,4
249,1.4,1.4,0.02,2
251,1.509,1.509,0.093,3
255,1.498,1.504,0.096,3
259,1.54,1.54,0.065,2
263,1.536,1.536,0.069,2
265,1.563,1.563,0.046,2
269,1.539,1.539,0.05,2
273,1.527,1.527,0.054,2
277,1.519,1.519,0.058,2
281,1.519,1.519,0.057,2
285,1.514,1.514,0.058,2
289,1.508,1.508,0.058,2
293,1.495,1.495,0.061,2
297,1.49,1.49,0.054,2
301,1.488,1.488,0.058,2
305,1.485,1.485,0.054,2
309,1.48,1.48,0.054,2
312,1.6,1.6,0.009,2
315,1.555,1.555,0.012,2
319,1.531,1.531,0.024,2
323,1.516,1.516,0.024,2
327,1.505,1.505,0.031,2
331,1.495,1.495,0.031,2
335,1.487,1.487,0.035,2
339,1.479,1.479,0.039,2
343,1.474,1.474,0.039,2
347,1.466,1.466,0.035,2
351,1.459,1.459,0.039,2
355,1.453,1.453,0.038,2
359,1.448,1.448,0.039,2
363,1.453,1.453,0.046,2
366,1.474,1.474,0.031,2
370,1.456,1.456,0.035,2
374,1.442,1.442,0.039,2
378,1.432,1.432,0.031,2
382,1.43,1.43,0.035,2
386,1.425,1.425,0.042,2
390,1.449,1.449,,1
394,1.439,1.439,,1
398,1.433,1.433,,1
402,1.433,1.433,,1
406,1.428,1.428,,1
410,1.423,1.423,,1
414,1.417,1.417,,1
418,1.412,1.412,,1
422,1.413,1.413,,1
426,1.408,1.408,,1
430,1.433,1.433,,1
432,1.438,1.438,,1
436,1.417,1.417,,1
440,1.407,1.407,,1
444,1.401,1.401,,1
448,1.397,1.397,,1
