cycle,mean,median,p05,p95,n
0,1.005,0.862,0.666,1.688,16.0
1,1.946,1.946,1.865,2.026,2.0
2,1.746,1.721,1.691,1.836,4.0
3,1.895,1.846,1.817,2.007,3.0
4,1.475,1.524,0.935,1.721,7.0
5,1.888,1.835,1.817,1.996,3.0
6,1.631,1.653,1.5,1.809,7.0
7,1.887,1.835,1.816,1.995,3.0
8,1.582,1.566,1.48,1.71,6.0
9,1.883,1.835,1.817,1.984,3.0
10,1.609,1.636,1.463,1.804,7.0
11,1.888,1.836,1.816,1.996,3.0
12,1.453,1.451,1.449,1.458,3.0
13,1.924,1.924,1.844,2.004,2.0
14,1.831,1.831,1.831,1.831,1.0
15,1.727,1.826,1.43,1.954,3.0
16,1.558,1.541,1.447,1.697,6.0
17,1.875,1.833,1.826,1.955,3.0
18,1.657,1.651,1.619,1.698,3.0
19,1.87,1.829,1.825,1.944,3.0
20,1.546,1.532,1.434,1.682,6.0
21,1.864,1.825,1.822,1.934,3.0
22,1.538,1.522,1.423,1.68,6.0
23,1.815,1.815,1.815,1.815,1.0
24,1.599,1.428,1.403,1.911,5.0
26,1.661,1.66,1.411,1.885,8.0
28,1.632,1.626,1.394,1.882,7.0
29,1.823,1.823,1.823,1.823,1.0
30,1.716,1.678,1.589,1.881,5.0
31,1.812,1.812,1.812,1.812,1.0
32,1.674,1.674,1.468,1.863,7.0
33,1.805,1.805,1.805,1.805,1.0
34,1.704,1.672,1.572,1.863,5.0
35,1.791,1.791,1.791,1.791,1.0
36,1.719,1.786,1.484,1.858,4.0
38,1.685,1.724,1.468,1.845,8.0
40,1.597,1.595,1.435,1.749,5.0
41,1.869,1.847,1.788,1.966,3.0
42,1.59,1.588,1.42,1.748,5.0
43,1.771,1.771,1.771,1.771,1.0
44,1.635,1.617,1.543,1.752,4.0
45,1.858,1.847,1.777,1.947,3.0
46,1.585,1.576,1.535,1.643,3.0
47,1.754,1.754,1.754,1.754,1.0
48,1.764,1.764,1.764,1.764,1.0
49,1.891,1.891,1.842,1.94,2.0
50,1.642,1.638,1.553,1.736,4.0
52,1.772,1.772,1.772,1.772,1.0
53,1.829,1.826,1.746,1.914,3.0
54,1.642,1.63,1.547,1.755,4.0
55,1.732,1.732,1.732,1.732,1.0
56,1.636,1.624,1.538,1.752,4.0
57,1.827,1.825,1.72,1.934,3.0
58,1.628,1.614,1.528,1.749,4.0
59,1.711,1.711,1.711,1.711,1.0
60,1.622,1.605,1.521,1.746,4.0
61,1.863,1.863,1.829,1.898,2.0
62,1.602,1.599,1.51,1.697,4.0
64,1.766,1.766,1.766,1.766,1.0
65,1.814,1.814,1.756,1.872,3.0
66,1.615,1.597,1.51,1.746,4.0
67,1.733,1.733,1.733,1.733,1.0
68,1.613,1.596,1.506,1.743,4.0
69,1.802,1.815,1.731,1.863,3.0
70,1.606,1.586,1.498,1.74,4.0
71,1.712,1.712,1.712,1.712,1.0
72,1.602,1.583,1.493,1.739,4.0
73,1.835,1.835,1.816,1.854,2.0
74,1.58,1.575,1.481,1.687,4.0
76,1.756,1.756,1.756,1.756,1.0
77,1.781,1.803,1.705,1.841,3.0
78,1.592,1.572,1.475,1.736,4.0
79,1.682,1.682,1.682,1.682,1.0
80,1.589,1.567,1.475,1.735,4.0
81,1.779,1.804,1.69,1.852,3.0
82,1.583,1.56,1.467,1.731,4.0
83,1.666,1.666,1.666,1.666,1.0
84,1.575,1.551,1.455,1.728,4.0
85,1.888,1.888,1.855,1.921,2.0
86,1.546,1.543,1.447,1.648,4.0
88,1.751,1.751,1.751,1.751,1.0
89,1.787,1.831,1.666,1.877,3.0
90,1.569,1.544,1.447,1.726,4.0
91,1.639,1.639,1.639,1.639,1.0
92,1.567,1.54,1.447,1.724,4.0
93,1.768,1.82,1.647,1.852,3.0
94,1.562,1.537,1.439,1.721,4.0
95,1.622,1.622,1.622,1.622,1.0
96,1.556,1.529,1.431,1.719,4.0
97,1.824,1.824,1.811,1.838,2.0
98,1.516,1.518,1.423,1.607,4.0
100,1.656,1.656,1.656,1.656,1.0
101,1.766,1.805,1.689,1.817,3.0
103,1.432,1.432,1.237,1.628,2.0
104,1.643,1.643,1.643,1.643,1.0
105,1.748,1.799,1.649,1.812,3.0
106,1.634,1.634,1.634,1.634,1.0
107,1.616,1.616,1.616,1.616,1.0
108,1.627,1.627,1.627,1.627,1.0
109,1.793,1.793,1.789,1.797,2.0
110,1.615,1.615,1.611,1.618,2.0
112,1.611,1.611,1.611,1.611,1.0
113,1.72,1.781,1.614,1.783,3.0
116,1.525,1.525,1.344,1.707,2.0
117,1.772,1.772,1.771,1.773,2.0
118,1.717,1.717,1.717,1.717,1.0
120,1.696,1.696,1.696,1.696,1.0
121,1.767,1.767,1.761,1.772,2.0
122,1.678,1.678,1.678,1.678,1.0
124,1.661,1.661,1.661,1.661,1.0
125,1.759,1.759,1.751,1.767,2.0
127,1.666,1.666,1.666,1.666,1.0
129,1.716,1.739,1.656,1.76,3.0
131,1.626,1.626,1.626,1.626,1.0
133,1.711,1.755,1.626,1.766,3.0
135,1.711,1.763,1.621,1.766,3.0
139,1.743,1.743,1.735,1.751,2.0
140,1.674,1.674,1.674,1.674,1.0
142,1.64,1.64,1.64,1.64,1.0
143,1.728,1.728,1.715,1.74,2.0
144,1.613,1.613,1.613,1.613,1.0
146,1.592,1.592,1.592,1.592,1.0
147,1.719,1.719,1.704,1.734,2.0
149,1.735,1.794,1.607,1.821,3.0
152,1.58,1.58,1.58,1.58,1.0
153,1.796,1.796,1.784,1.807,2.0
154,1.564,1.564,1.564,1.564,1.0
156,1.556,1.556,1.556,1.556,1.0
157,1.772,1.772,1.768,1.775,2.0
158,1.54,1.54,1.54,1.54,1.0
161,1.678,1.745,1.553,1.756,3.0
164,1.532,1.532,1.532,1.532,1.0
165,1.738,1.738,1.73,1.746,2.0
166,1.522,1.522,1.522,1.522,1.0
168,1.507,1.507,1.507,1.507,1.0
169,1.725,1.725,1.71,1.74,2.0
170,1.501,1.501,1.501,1.501,1.0
173,1.643,1.698,1.516,1.733,3.0
176,1.533,1.533,1.533,1.533,1.0
177,1.704,1.704,1.684,1.724,2.0
178,1.524,1.524,1.524,1.524,1.0
180,1.501,1.501,1.501,1.501,1.0
181,1.694,1.694,1.674,1.714,2.0
182,1.492,1.492,1.492,1.492,1.0
184,1.483,1.483,1.483,1.483,1.0
185,1.686,1.686,1.663,1.708,2.0
187,1.481,1.481,1.481,1.481,1.0
189,1.61,1.651,1.491,1.701,3.0
191,1.468,1.468,1.468,1.468,1.0
193,1.6,1.64,1.476,1.694,3.0
196,1.448,1.448,1.448,1.448,1.0
197,1.662,1.662,1.632,1.691,2.0
199,1.453,1.453,1.453,1.453,1.0
201,1.579,1.609,1.459,1.677,3.0
203,1.439,1.439,1.439,1.439,1.0
205,1.569,1.604,1.446,1.667,3.0
208,1.425,1.425,1.425,1.425,1.0
209,1.637,1.637,1.603,1.671,2.0
211,1.47,1.47,1.47,1.47,1.0
213,1.568,1.588,1.466,1.656,3.0
215,1.521,1.502,1.439,1.64,6.0
217,1.428,1.428,1.428,1.428,1.0
219,1.535,1.539,1.435,1.632,6.0
221,1.517,1.522,1.491,1.541,3.0
222,1.455,1.455,1.455,1.455,1.0
223,1.546,1.533,1.483,1.626,5.0
224,1.428,1.428,1.428,1.428,1.0
225,1.493,1.504,1.465,1.514,3.0
226,1.42,1.42,1.42,1.42,1.0
227,1.53,1.507,1.462,1.621,5.0
228,1.416,1.416,1.416,1.416,1.0
231,1.5,1.489,1.415,1.61,6.0
233,1.463,1.478,1.435,1.481,3.0
234,1.408,1.408,1.408,1.408,1.0
235,1.503,1.476,1.425,1.607,5.0
236,1.397,1.397,1.397,1.397,1.0
237,1.44,1.457,1.403,1.465,3.0
239,1.514,1.495,1.448,1.608,4.0
243,1.504,1.485,1.435,1.598,4.0
245,1.43,1.43,1.421,1.439,2.0
247,1.488,1.472,1.405,1.593,4.0
249,1.4,1.4,1.388,1.413,2.0
251,1.509,1.509,1.425,1.592,3.0
255,1.498,1.504,1.41,1.582,3.0
259,1.54,1.54,1.498,1.581,2.0
263,1.536,1.536,1.492,1.58,2.0
265,1.563,1.563,1.534,1.592,2.0
269,1.539,1.539,1.508,1.571,2.0
273,1.527,1.527,1.493,1.561,2.0
277,1.519,1.519,1.482,1.556,2.0
281,1.519,1.519,1.483,1.555,2.0
285,1.514,1.514,1.477,1.551,2.0
289,1.508,1.508,1.472,1.545,2.0
293,1.495,1.495,1.456,1.534,2.0
297,1.49,1.49,1.456,1.524,2.0
301,1.488,1.488,1.451,1.524,2.0
305,1.485,1.485,1.451,1.519,2.0
309,1.48,1.48,1.445,1.514,2.0
312,1.6,1.6,1.594,1.605,2.0
315,1.555,1.555,1.547,1.563,2.0
319,1.531,1.531,1.516,1.546,2.0
323,1.516,1.516,1.501,1.531,2.0
327,1.505,1.505,1.485,1.525,2.0
331,1.495,1.495,1.475,1.515,2.0
335,1.487,1.487,1.465,1.509,2.0
339,1.479,1.479,1.455,1.504,2.0
343,1.474,1.474,1.45,1.499,2.0
347,1.466,1.466,1.444,1.488,2.0
351,1.459,1.459,1.434,1.483,2.0
355,1.453,1.453,1.429,1.478,2.0
359,1.448,1.448,1.423,1.472,2.0
363,1.453,1.453,1.424,1.483,2.0
366,1.474,1.474,1.454,1.494,2.0
370,1.456,1.456,1.434,1.478,2.0
374,1.442,1.442,1.418,1.467,2.0
378,1.432,1.432,1.412,1.452,2.0
382,1.43,1.43,1.407,1.452,2.0
386,1.425,1.425,1.398,1.452,2.0
390,1.449,1.449,1.449,1.449,1.0
394,1.439,1.439,1.439,1.439,1.0
398,1.433,1.433,1.433,1.433,1.0
402,1.433,1.433,1.433,1.433,1.0
406,1.428,1.428,1.428,1.428,1.0
410,1.423,1.423,1.423,1.423,1.0
414,1.417,1.417,1.417,1.417,1.0
418,1.412,1.412,1.412,1.412,1.0
422,1.413,1.413,1.413,1.413,1.0
426,1.408,1.408,1.408,1.408,1.0
430,1.433,1.433,1.433,1.433,1.0
432,1.438,1.438,1.438,1.438,1.0
436,1.417,1.417,1.417,1.417,1.0
440,1.407,1.407,1.407,1.407,1.0
444,1.401,1.401,1.401,1.401,1.0
448,1.397,1.397,1.397,1.397,1.0
