cell,mean,median,p05,p95,n
B0026,1.743,1.814,1.493,1.815,6.0
B0039,1.724,1.757,1.616,1.771,34.0
B0006,1.686,1.682,1.423,2.008,109.0
B0005,1.654,1.674,1.417,1.836,125.0
B0018,1.619,1.628,1.419,1.829,97.0
B0042,1.599,1.624,1.426,1.723,57.0
B0043,1.552,1.55,1.429,1.679,55.0
B0044,1.518,1.502,1.419,1.65,50.0
B0047,1.48,1.458,1.409,1.607,10.0
B0048,1.466,1.451,1.399,1.575,12.0
B0046,1.461,1.444,1.401,1.559,17.0
B0041,1.216,1.216,1.216,1.216,1.0
B0045,1.082,1.082,1.082,1.082,1.0
B0053,1.069,1.069,1.069,1.069,1.0
B0036,1.002,1.002,1.002,1.002,1.0
B0038,0.898,0.898,0.898,0.898,1.0
B0050,0.863,0.863,0.863,0.863,1.0
B0052,0.861,0.861,0.861,0.861,1.0
B0049,0.858,0.858,0.858,0.858,1.0
B0055,0.799,0.799,0.799,0.799,1.0
B0056,0.785,0.785,0.785,0.785,1.0
B0034,0.746,0.746,0.746,0.746,1.0
B0054,0.74,0.74,0.74,0.74,1.0
B0033,0.69,0.69,0.69,0.69,1.0
B0040,0.673,0.673,0.673,0.673,1.0
B0051,0.643,0.643,0.643,0.643,1.0
