cell,cycle,capacity,idx,T_amb,rul,cell_1,cycle_1,discharge_time,V_mean,T_max,V_min,dV_mid_slope,area_curve,dt_lag5
B0055,0,0.7989997927037011,0,4,0,B0055,0,2660.313,3.2439361669782594,2660.313,2.4930794984834495,0.00011192234916513449,-986.6400868999118,
B0051,0,0.6434735598158292,0,4,0,B0051,0,1713.235,3.1549295868000695,1713.235,2.469359676853076,-5.625443575639477e-05,-803.8679291365609,
B0054,0,0.7399351039859233,0,4,0,B0054,0,2660.313,3.2240174459845803,2660.313,2.1808531235872497,0.00011755212658420486,-961.7655246904062,
B0018,2,1.8550045207910817,0,24,96,B0018,2,3434.891,3.527546226327258,3434.891,2.4721608434600437,-0.0001598262703235608,-2529.143842045621,
B0018,6,1.8431955317089987,1,24,95,B0018,6,3425.485,3.53483557618652,3425.485,2.4114381994148304,-0.00015694917165158303,-2499.0690578894746,
B0018,10,1.8396018424355423,2,24,94,B0018,10,3410.375,3.538246596159439,3410.375,2.394395968141027,-0.00015731071622439687,-2478.889776424636,
B0018,14,1.8306736044962053,3,24,93,B0018,14,3404.719,3.537697945111873,3404.719,2.3999481734774424,-0.0001576377713816063,-2451.0401918696075,
B0018,17,1.8327002069419656,4,24,92,B0018,17,3417.641,3.5426676045869208,3417.641,2.3851461229395867,-0.00015620309430143894,-2442.553220735874,
B0018,19,1.8285288846046388,5,24,91,B0018,19,3411.766,3.5451037330477324,3411.766,2.3716770708389117,-0.00015688775204784777,-2422.198829917166,3434.891
B0018,21,1.8212011895697924,6,24,90,B0018,21,3399.516,3.547514243863152,3399.516,2.4964491577040793,-0.00015764920002818544,-2395.0881764233955,3425.485
B0018,23,1.8151700106433282,7,24,89,B0018,23,3388.75,3.5448124336914244,3388.75,2.4374506721131883,-0.0001589390338876002,-2372.4322982812328,3410.375
B0018,26,1.8042980520967649,8,24,88,B0018,26,3380.406,3.543478027416411,3380.406,2.4152206992194847,-0.0001594973060351287,-2350.2361365317684,3404.719
B0018,29,1.8231002302844226,9,24,87,B0018,29,3404.141,3.543133206790044,3404.141,2.377432309524995,-0.00015791925816078248,-2363.722970360017,3417.641
B0018,31,1.8121253520255494,10,24,86,B0018,31,3396.141,3.545155146280937,3396.141,2.3887487262583647,-0.00015859760192253,-2336.98379500974,3411.766
B0018,33,1.8046916382117766,11,24,85,B0018,33,3384.094,3.5450323665497634,3384.094,2.432289857016922,-0.00016014952049538914,-2308.25506038929,3399.516
B0018,35,1.790844349786295,12,24,84,B0018,35,3370.656,3.544089217049684,3370.656,2.497495633221204,-0.00016182577447428542,-2278.8009988483996,3388.75
B0018,38,1.783470722841926,13,24,83,B0018,38,3357.797,3.5413171086184785,3357.797,2.478768686108376,-0.00016292932093207792,-2255.8020832332463,3380.406
B0018,41,1.7809386125310702,14,24,82,B0018,41,3363.015,3.541197979542517,3363.015,2.3858494078680206,-0.000163452637450417,-2250.3388994132292,3404.141
B0018,43,1.771209039672698,15,24,81,B0018,43,3357.734,3.541255460524435,3357.734,2.372854084449551,-0.000163926538644441,-2222.0527174469416,3396.141
B0018,45,1.7686303996707076,16,24,80,B0018,45,3344.187,3.5427478949705877,3344.187,2.4086912736769084,-0.0001652116218864621,-2207.6715719637205,3384.094
B0018,47,1.7536304801917124,17,24,79,B0018,47,3339.969,3.541251093602656,3339.969,2.496331992137246,-0.000167010589497598,-2177.997200847704,3370.656
B0018,50,1.7462197416415093,18,24,78,B0018,50,3327.641,3.5350260562177453,3327.641,2.4199896352919668,-0.00016890516915066373,-2152.7283094203126,3357.797
B0018,53,1.7376647337053737,19,24,77,B0018,53,3312.844,3.5326627624319777,3312.844,2.3587321881999297,-0.00017092547723126164,-2137.015948564157,3363.015
B0018,55,1.7315166735475835,20,24,76,B0018,55,3302.031,3.5333109441755544,3302.031,2.4458096660548825,-0.00017273750622732943,-2116.3707670444605,3357.734
B0018,57,1.7085949894470602,21,24,75,B0018,57,3305.547,3.5273870583288893,3305.547,2.3808537751929744,-0.0001745383829413264,-2085.643127759008,3344.187
B0018,59,1.711469957068211,22,24,74,B0018,59,3289.562,3.52960259657205,3289.562,2.436955746154759,-0.0001760148360748842,-2071.886710272003,3339.969
B0018,62,1.7075021373272627,23,24,73,B0018,62,3283.797,3.528970769422983,3283.797,2.4671365731790713,-0.00017708890791735327,-2056.5561950176707,3327.641
B0018,65,1.7492382064360228,24,24,72,B0018,65,3325.235,3.532274184891982,3325.235,2.4129371999368505,-0.00017052969987660848,-2101.8736238957563,3312.844
B0018,67,1.7327697147429955,25,24,71,B0018,67,3317.547,3.532438322521665,3317.547,2.3497771039810256,-0.0001716217438371152,-2082.046274508731,3302.031
B0018,69,1.7222313328292376,26,24,70,B0018,69,3311.766,3.536321131094359,3311.766,2.4904700018477026,-0.00017286914440142544,-2055.1594929940366,3305.547
B0018,71,1.711846298984729,27,24,69,B0018,71,3305.218,3.533535274219929,3305.218,2.4650908929255406,-0.00017542855373946795,-2032.299114956634,3289.562
B0018,74,1.699267835126687,28,24,68,B0018,74,3295.453,3.5270128418420423,3295.453,2.363133281953362,-0.00017729931086529792,-2014.302746316389,3283.797
B0018,77,1.6940366439243106,29,24,67,B0018,77,3287.0,3.5292573001401113,3287.0,2.4790616361836206,-0.0001800170490656918,-1994.01774431412,3325.235
B0018,79,1.6819027078768087,30,24,66,B0018,79,3276.922,3.52782149753447,3276.922,2.491905723274248,-0.00018189554410616575,-1971.9699970843542,3317.547
B0018,81,1.6769770618433686,31,24,65,B0018,81,3268.687,3.525692957415014,3268.687,2.4337177596826547,-0.0001830771459301824,-1957.066590997009,3311.766
B0018,83,1.6655229306478936,32,24,64,B0018,83,3260.594,3.5243962482347304,3260.594,2.4424506461535755,-0.00018037171569457058,-1934.7667326163328,3305.218
B0018,86,1.6571924575832084,33,24,63,B0018,86,3258.812,3.520797576383474,3258.812,2.4383419399858552,-0.00017320322474086847,-1918.2453787610348,3295.453
B0018,89,1.6482241555294048,34,24,62,B0018,89,3243.422,3.5194572812607507,3243.422,2.4157245398944123,-0.0001756226753627169,-1903.255622416873,3287.0
B0018,91,1.6387701497987262,35,24,61,B0018,91,3236.515,3.513165600287965,3236.515,2.323395712524894,-0.0001766644138539209,-1822.183634984828,3276.922
B0018,93,1.6276486907262062,36,24,60,B0018,93,3230.734,3.5172171594543338,3230.734,2.4985039496028567,-0.00015683792166387679,-1859.0127815010235,3268.687
B0018,95,1.62215370227252,37,24,59,B0018,95,3222.093,3.512009111410794,3222.093,2.350237238739749,-0.00016910409318705014,-1850.1839843647815,3260.594
B0018,98,1.6140066510467586,38,24,58,B0018,98,3220.344,3.5091105265410403,3220.344,2.3337740352348813,-0.00016194208109999238,-1834.1944436648985,3258.812
B0018,101,1.6760516154424623,39,24,57,B0018,101,3250.75,3.5161066997163926,3250.75,2.317647291087635,-0.00018610567623576218,-1902.4178991435233,3243.422
B0018,103,1.649300642552199,40,24,56,B0018,103,3239.344,3.5190100682545924,3239.344,2.492394514304757,-0.00017979410358843323,-1860.3579758793962,3236.515
B0018,105,1.63238299185809,41,24,55,B0018,105,3222.25,3.51242127422293,3222.25,2.372828310153791,-0.00018319784609035383,-1835.798853180841,3230.734
B0018,107,1.6164159719025777,42,24,54,B0018,107,3206.157,3.508152152951689,3206.157,2.3560703177076867,-0.0001757509169637222,-1812.1476340023873,3222.093
B0018,110,1.6109028378249377,43,24,53,B0018,110,3197.969,3.5086485685152677,3197.969,2.4644431530094417,-0.00016233088192395677,-1790.0800118072564,3220.344
B0018,113,1.5954638693695657,44,24,52,B0018,113,3181.625,3.5051993439595477,3181.625,2.4195167274486726,-0.0001633937058459938,-1774.620689852685,3250.75
B0018,116,1.726707440085764,45,24,51,B0018,116,3302.36,3.5231652801938638,3302.36,2.3422406504312434,-0.00016715265904308654,-2021.613360960196,3239.344
B0018,118,1.7165673917429753,46,24,50,B0018,118,3285.812,3.527269876472837,3285.812,2.3755467142668496,-0.00017051168824854833,-1994.4313154511071,3222.25
B0018,120,1.6958235570934848,47,24,49,B0018,120,3260.016,3.526762654741576,3260.016,2.4146291375325917,-0.0001747118097202036,-1964.7920377574203,3206.157
B0018,122,1.6777783190792557,48,24,48,B0018,122,3240.031,3.523020179476107,3240.031,2.3844645496129964,-0.00017866243840234587,-1934.1865460086049,3197.969
B0018,124,1.6606586897774192,49,24,47,B0018,124,3232.265,3.5197923457982654,3232.265,2.398646371281655,-0.00018172887456835912,-1904.8238173716381,3181.625
B0018,127,1.6664109274827466,50,24,46,B0018,127,3232.031,3.5251014582287246,3232.031,2.4557130111721626,-0.00018021898541575442,-1907.1828240688778,3302.36
B0018,129,1.6468336174407805,51,24,45,B0018,129,3209.5149999999994,3.5185191998378444,3209.5149999999994,2.323665882820083,-0.00018417247120856294,-1882.384437126124,3285.812
B0018,131,1.6257639928779952,52,24,44,B0018,131,3196.125,3.5190801794284585,3196.125,2.488054079510012,-0.00018807082167773332,-1846.5292918780847,3260.016
B0018,133,1.6121577411874595,53,24,43,B0018,133,3172.562,3.511416727290239,3172.562,2.3306937114568003,-0.00019240112549737348,-1828.7098065125667,3240.031
B0018,135,1.6057366823755344,54,24,42,B0018,135,3172.735,3.5108038681605738,3172.735,2.389399831578687,-0.00018877845068408528,-1814.1193677961603,3232.265
B0018,140,1.673645314879889,55,24,41,B0018,140,3238.109,3.51432611790755,3238.109,2.4864200723178747,-0.0001831611087914887,-1837.6051142425226,3232.031
B0018,142,1.6404348572349936,56,24,40,B0018,142,3191.063,3.519666404826563,3191.063,2.4673631110639858,-0.00018755666564078727,-1833.0038330903762,3209.5149999999994
B0018,144,1.6132653317422077,57,24,39,B0018,144,3165.828,3.5124038493822742,3165.828,2.375173080957567,-0.0001922751349604542,-1801.1752731127747,3196.125
B0018,146,1.5920964324686278,58,24,38,B0018,146,3140.407,3.507786223446009,3140.407,2.371626022111289,-0.0001971827636978648,-1770.221751541305,3172.562
B0018,149,1.5866011820698824,59,24,37,B0018,149,3131.922,3.507659610271325,3131.922,2.463955873060647,-0.000181382424027858,-1747.868928865173,3172.735
B0018,152,1.5800766490336253,60,24,36,B0018,152,3121.109,3.5074833565874584,3121.109,2.475545296633258,-0.00018272879700052496,-1733.6588518852527,3238.109
B0018,154,1.5641732953289167,61,24,35,B0018,154,3105.265,3.5023865933440717,3105.265,2.3791563087604626,-0.0001856018496384107,-1717.3769140822462,3191.063
B0018,156,1.555618272193922,62,24,34,B0018,156,3091.25,3.5036934938850472,3091.25,2.4776158338943337,-0.0001688918762188298,-1695.8893636876533,3165.828
B0018,158,1.5402045278637397,63,24,33,B0018,158,3076.703,3.498994846204809,3076.703,2.4205549690097223,-0.00017017457280779576,-1679.4544531531058,3140.407
B0018,161,1.5321613015959863,64,24,32,B0018,161,3062.328,3.4954055767239534,3062.328,2.415388497112405,-0.0001695655813947459,-1663.351761031532,3131.922
B0018,164,1.5316232403693415,65,24,31,B0018,164,3050.563,3.494528300232307,3050.563,2.3974205597873093,-0.0001770643760061163,-1655.8610988657738,3121.109
B0018,166,1.5222595950771978,66,24,30,B0018,166,3034.672,3.4962554827793944,3034.672,2.497752653580319,-0.00016073412038010576,-1634.731917384354,3105.265
B0018,168,1.5065267126851283,67,24,29,B0018,168,3031.25,3.487696461913461,3031.25,2.3726090777895896,-0.0001603610243071629,-1617.4128013577615,3091.25
B0018,170,1.5014219556532926,68,24,28,B0018,170,3011.343,3.486547580844064,3011.343,2.36844257542991,-0.00016516872309685603,-1602.5740301400258,3076.703
B0018,173,1.4963534117486457,69,24,27,B0018,173,3003.0,3.482298183882304,3003.0,2.331968556073514,-0.00016543238540624928,-1593.3816299015155,3062.328
B0018,176,1.5334262000312422,70,24,26,B0018,176,3045.187,3.4918194817118677,3045.187,2.4057755306304176,-0.00019949413868891654,-1634.193467868545,3050.563
B0018,178,1.523845267514426,71,24,25,B0018,178,3028.469,3.4939958532419357,3028.469,2.4720838848798987,-0.00017326072325266195,-1613.4180298108845,3034.672
B0018,180,1.5011920994261239,72,24,24,B0018,180,3012.937,3.484377015629626,3012.937,2.342731326096539,-0.0001729754463512067,-1588.342308929245,3031.25
B0018,182,1.492417671450291,73,24,23,B0018,182,2998.875,3.485911679355838,2998.875,2.4198650452188226,-0.00016175278365112956,-1574.0366831568608,3011.343
B0018,184,1.483323851940123,74,24,22,B0018,184,2983.547,3.4842787539766786,2983.547,2.438879997223475,-0.00016021306407177448,-1558.6554775989568,3003.0
B0018,187,1.4807376792294196,75,24,21,B0018,187,2966.86,3.482988652120672,2966.86,2.430465824271706,-0.0001671547562067284,-1551.2857878515156,3045.187
B0018,189,1.4735077809902477,76,24,20,B0018,189,2954.797,3.4837998769798437,2954.797,2.4907267597860656,-0.00015522073125943828,-1530.208199901824,3028.469
B0018,191,1.46801928526661,77,24,19,B0018,191,2945.735,3.4787540756450483,2945.735,2.3678328028644775,-0.00016713877536009075,-1528.4480173718566,3012.937
B0018,193,1.4580923557119019,78,24,18,B0018,193,2941.375,3.4752194351784493,2941.375,2.3532703553328904,-0.00015920188724754544,-1512.546601602269,2998.875
B0018,196,1.4478660988891399,79,24,17,B0018,196,2923.953,3.47073953580102,2923.953,2.362897904778893,-0.00015407295621039184,-1496.0160390934313,2983.547
B0018,199,1.4527808777541982,80,24,16,B0018,199,2921.031,3.4746009100035207,2921.031,2.420200016704328,-0.00015584374757238577,-1497.4804166357308,2966.86
B0018,201,1.4425356364492432,81,24,15,B0018,201,2902.75,3.4740521567700102,2902.75,2.472605886588914,-0.00014695125216027428,-1476.0797988180414,2954.797
B0018,203,1.4392712877203313,82,24,14,B0018,203,2897.875,3.4750757286480045,2897.875,2.483165462226557,-0.00014526568846978956,-1469.5360792981935,2945.735
B0018,205,1.4286475681888218,83,24,13,B0018,205,2892.094,3.4724243075964156,2892.094,2.4341986830086237,-0.00014878417304276756,-1461.5502048815747,2941.375
B0018,208,1.4249026750004896,84,24,12,B0018,208,2886.921,3.471751102262538,2886.921,2.497859027600416,-0.00013611805650871469,-1446.2365637214623,2923.953
B0018,211,1.4698115324524124,85,24,11,B0018,211,2942.531,3.474540729605895,2942.531,2.3747408457948316,-0.00019094704328572785,-1499.298415144489,2921.031
B0018,213,1.4525819651050202,86,24,10,B0018,213,2912.469,3.471720060423486,2912.469,2.3589340839760866,-0.0001832040232702894,-1476.5927273770162,2902.75
B0018,215,1.442834198908794,87,24,9,B0018,215,2895.594,3.471398409828826,2895.594,2.4413266342198545,-0.00016032295944743886,-1454.6229191193565,2897.875
B0018,217,1.428376058807949,88,24,8,B0018,217,2884.406,3.4626491088970703,2884.406,2.311419659807122,-0.0001647726984701846,-1436.9439119575252,2892.094
B0018,219,1.4154547844370715,89,24,7,B0018,219,2873.766,3.466072725920186,2873.766,2.4953159238201255,-0.0001352487577706394,-1416.0153927833305,2886.921
B0018,222,1.454576670077708,90,24,6,B0018,222,2893.375,3.4730670533412895,2893.375,2.4398479869382084,-0.0001828606926011473,-1455.8573956555267,2942.531
B0018,224,1.4283179548274056,91,24,5,B0018,224,2884.9839999999967,3.4668548162926327,2884.9839999999967,2.376538319699514,-0.00016717274153594746,-1432.225556959738,2912.469
B0018,226,1.4197026883204058,92,24,4,B0018,226,2870.234,3.46527367520258,2870.234,2.3722299202290382,-0.0001603237490253568,-1417.5164590544198,2895.594
B0018,228,1.4155606630306516,93,24,3,B0018,228,2864.11,3.463887822344869,2864.11,2.361475505115684,-0.0001593225258204036,-1409.6856517556637,2884.406
B0018,231,1.405680035419228,94,24,2,B0018,231,2846.64,3.4578079234400625,2846.64,2.317937855025735,-0.00015661353494203219,-1393.2865221323377,2873.766
B0018,234,1.4084461071166137,95,24,1,B0018,234,2839.532,3.459813554486506,2839.532,2.3372859753156225,-0.00016678530140905076,-1393.9027669823313,2893.375
B0018,236,1.3968547782872414,96,24,0,B0018,236,2832.703,3.458027727779736,2832.703,2.3528810264952194,-0.0001513850209511865,-1378.9538443114138,2884.9839999999967
B0045,0,1.0819793880779518,0,4,0,B0045,0,6436.141,3.350714722896954,6436.141,1.990881848788414,1.342230560858623e-05,-1075.2630504041344,
B0046,0,1.7282392323598248,0,4,16,B0046,0,6436.141,3.4409645322869093,6436.141,2.1792997733612083,-0.00010420733445315492,-1689.9165064524905,
B0046,4,1.5161488467923143,1,4,15,B0046,4,5650.265,3.425254558678005,5650.265,2.1744736968146285,-0.00011245124099616199,-1471.6487190521814,
B0046,6,1.503121190703977,2,4,14,B0046,6,5590.907,3.42590445330353,5590.907,2.195666899317151,-0.00011796253425401755,-1454.5865235215444,
B0046,8,1.48586566102824,3,4,13,B0046,8,5543.61,3.4236084358437204,5543.61,2.1796283675041006,-0.00011912730051936536,-1436.363474096416,
B0046,10,1.4694562316392716,4,4,12,B0046,10,5499.046,3.421145534854744,5499.046,2.1952581561866973,-0.0001197446656848161,-1421.6131727434374,
B0046,12,1.4589554592644807,5,4,11,B0046,12,5461.219,3.4182116403291873,5461.219,2.1940346005371705,-0.0001196624935229663,-1406.8943807775831,6436.141
B0046,16,1.4556853555098295,6,4,10,B0046,16,5451.281,3.3913871477101276,5451.281,2.1978529182010296,-0.00011764319964605998,-1388.7291563904575,5650.265
B0046,20,1.456232262380321,7,4,9,B0046,20,5468.062,3.4051953903165515,5468.062,2.190965071547283,-0.00012041937152412983,-1394.429530803184,5590.907
B0046,22,1.4440592236675138,8,4,8,B0046,22,5411.297,3.4089875975783035,5411.297,2.1866396618663058,-0.0001275449480728043,-1378.8097257900636,5543.61
B0046,24,1.428294264765868,9,4,7,B0046,24,5369.703,3.4053446368244606,5369.703,2.183328288428697,-0.00012408102593361401,-1363.4749994970616,5499.046
B0046,26,1.4199848948034668,10,4,6,B0046,26,5327.406,3.4032461605763142,5327.406,2.169516718963703,-0.0001296833937605839,-1348.8517264916973,5461.219
B0046,28,1.4043226018516568,11,4,5,B0046,28,5299.266,3.3967709514446054,5299.266,2.1506636217123933,-0.00012779105689199552,-1336.0680457945077,5451.281
B0046,32,1.4234351301615986,12,4,4,B0046,32,5367.172,3.3721964614287625,5367.172,2.1813781395662764,-0.00011734614245009624,-1340.168821137784,5468.062
B0046,36,1.4339948857967295,13,4,3,B0046,36,5406.812,3.3962096829403055,5406.812,2.1971149516601716,-0.00012681492511567487,-1356.2921860788204,5411.297
B0046,38,1.4185177047756572,14,4,2,B0046,38,5353.094,3.398972671380475,5353.094,2.157995006136477,-0.00012969370641965845,-1340.0634292165396,5369.703
B0046,40,1.4056313337829422,15,4,1,B0046,40,5280.031,3.397693116152038,5280.031,2.198419108542039,-0.0001328077285907456,-1318.9251124476368,5327.406
B0046,42,1.3890214025155618,16,4,0,B0046,42,5248.593,3.3923860221630178,5248.593,2.151164339585934,-0.00013559369041362293,-1306.7280987062895,5299.266
B0050,0,0.8631448527758341,0,4,0,B0050,0,1713.235,3.058057702902253,1713.235,2.1766233079901336,-0.002342090949896374,-1098.289584399656,
B0033,4,0.6895699007862814,0,24,0,B0033,4,3260.531,3.71799530446616,3260.531,1.9816234331870684,0.0004895890741676035,-836.6540849206327,
B0041,103,1.2156494086360898,0,4,0,B0041,103,5608.781,3.3112454225976404,5608.781,1.9984945380049617,-3.4229628076902194e-05,-1286.0631026144397,
B0053,0,1.0691417886194299,0,4,0,B0053,0,2349.64,3.082838909940966,2349.64,1.9808329057464713,-0.0009660803223980573,-1317.3315503918427,
B0043,2,1.713782642126885,0,22,54,B0043,2,3360.922,3.475911687674211,3360.922,2.421307986424623,-0.00015472778579983203,-2321.4260815942903,
B0043,4,1.6955681658647108,1,22,53,B0043,4,3289.406,3.4897388185035054,3289.406,2.4612810169393184,-0.00016068572207792402,-2280.056458869015,
B0043,6,1.6814906372051954,2,22,52,B0043,6,3244.797,3.4901234321767998,3244.797,2.3997609695216755,-0.0001635012462020297,-2250.909522138105,
B0043,8,1.6786372409532953,3,22,51,B0043,8,3211.438,3.4940185374934933,3211.438,2.399740066713552,-0.00016447665201701242,-2230.8564153320867,
B0043,10,1.6694168550864992,4,22,50,B0043,10,3175.594,3.500548987345385,3175.594,2.3786378834863195,-0.00016585105782836735,-2212.637610758279,
B0043,16,1.6611938521224778,5,22,49,B0043,16,3121.672,3.507465391169606,3121.672,2.416288536712014,-0.00016978022323591932,-2173.091789490856,3360.922
B0043,18,1.6506423382064332,6,22,48,B0043,18,3102.937,3.5054667200956,3102.937,2.3791815969853816,-0.00017103577082466058,-2150.527438008823,3289.406
B0043,20,1.6424273190907783,7,22,47,B0043,20,3089.437,3.5051466352245386,3089.437,2.4666546752460183,-0.00017275560731568702,-2122.261303960669,3244.797
B0043,22,1.6353664801041328,8,22,46,B0043,22,3077.75,3.5024428414174498,3077.75,2.429311406516166,-0.0001739066599793286,-2099.793028061069,3211.438
B0043,26,1.633232875930849,9,22,45,B0043,26,3074.875,3.5007336141613465,3074.875,2.4024069940444392,-0.00017555253670930194,-2084.6711160420555,3175.594
B0043,28,1.6258840554387932,10,22,44,B0043,28,3061.891,3.5019472494816215,3061.891,2.406157541131262,-0.00017700590769948365,-2064.546566423625,3121.672
B0043,30,1.617976174654771,11,22,43,B0043,30,3058.469,3.5002499918856276,3058.469,2.415785415380386,-0.00017829257751565244,-2042.7967071217242,3102.937
B0043,32,1.6136652707273988,12,22,42,B0043,32,3040.75,3.5007698538114465,3040.75,2.400209592232293,-0.00017978402452672147,-2028.7121530290506,3089.437
B0043,34,1.605821026619692,13,22,41,B0043,34,3037.641,3.500494760856032,3037.641,2.4374747406672226,-0.00018095015883669264,-2007.8364699926806,3077.75
B0043,38,1.6033527961961531,14,22,40,B0043,38,3044.828,3.496170045175859,3044.828,2.3865949081957893,-0.0001820450321973281,-1991.7556377750618,3074.875
B0043,40,1.5951342406182645,15,22,39,B0043,40,3030.25,3.4993157107183785,3030.25,2.4489169685849195,-0.00018458415859622565,-1972.280059250757,3061.891
B0043,42,1.5878135544728507,16,22,38,B0043,42,3017.578,3.5008082921335504,3017.578,2.4933649317176108,-0.00018602729665460847,-1959.0339020453646,3058.469
B0043,44,1.5800601969084245,17,22,37,B0043,44,3015.0,3.4975523268993887,3015.0,2.473993010608268,-0.0001864980810084731,-1936.4389159645114,3040.75
B0043,46,1.575565087879128,18,22,36,B0043,46,2999.454,3.4969748978677386,2999.454,2.4568566798816054,-0.00018914489522097036,-1880.123814395151,3037.641
B0043,50,1.5950169012164208,19,22,35,B0043,50,3054.859,3.493143385168616,3054.859,2.389783772934692,-0.00018455863507306337,-1934.3150908864252,3044.828
B0043,54,1.5898075522577595,20,22,34,B0043,54,3034.875,3.500270597096416,3034.875,2.3834815017568327,-0.0001857436926981912,-1924.6095824761019,3030.25
B0043,56,1.5807953202097411,21,22,33,B0043,56,3030.0,3.5026578112868982,3030.0,2.427559147580718,-0.00018793271151034023,-1905.1376683587962,3017.578
B0043,58,1.5704333289187615,22,22,32,B0043,58,3011.781,3.501870413763957,3011.781,2.458384607788224,-0.00018472928323871066,-1883.4488134379826,3015.0
B0043,60,1.5643368431897877,23,22,31,B0043,60,2990.25,3.4967579517606575,2990.25,2.394787213470724,-0.00019198756132109688,-1866.6485659504963,2999.454
B0043,62,1.558307017802491,24,22,30,B0043,62,2980.234,3.4938467732797616,2980.234,2.365525236922006,-0.00019316842831551792,-1851.037944451611,3054.859
B0043,66,1.5537149289772467,25,22,29,B0043,66,2994.844,3.498085824975238,2994.844,2.4742728824322295,-0.00017734858982856028,-1839.2691318841473,3034.875
B0043,68,1.549528250585513,26,22,28,B0043,68,2987.672,3.4998244404942733,2987.672,2.4720598546819113,-0.0001782727240286806,-1826.4801993741903,3030.0
B0043,70,1.5424430535161062,27,22,27,B0043,70,2975.1100000000006,3.4987433448544607,2975.1100000000006,2.4838780206846622,-0.00017503562988652261,-1811.864333264099,3011.781
B0043,72,1.54256227031715,28,22,26,B0043,72,2953.219,3.496873891743175,2953.219,2.4291754256355516,-0.0001898014491639811,-1803.9021956855365,2990.25
B0043,74,1.5309356452520158,29,22,25,B0043,74,2955.484,3.489537224036168,2955.484,2.397532773087188,-0.00017667754930350077,-1779.3086472901907,2980.234
B0043,78,1.5247733176952427,30,22,24,B0043,78,2957.016,3.4871652344467092,2957.016,2.435189655089205,-0.00016942826844547993,-1763.758995544391,2994.844
B0043,80,1.5196742408779502,31,22,23,B0043,80,2948.219,3.4906015804101522,2948.219,2.4649257198080514,-0.00016944199516988364,-1751.6063183847261,2987.672
B0043,82,1.5123696925788683,32,22,22,B0043,82,2935.5,3.487614618511734,2935.5,2.4457109146915506,-0.00016648575799610695,-1736.3116423349768,2975.1100000000006
B0043,84,1.499914486202397,33,22,21,B0043,84,2913.797000000006,3.484285707517908,2913.797000000006,2.4807762094187127,-0.0001659182504597786,-1713.2988947990132,2953.219
B0043,86,1.4924106271188253,34,22,20,B0043,86,2900.703,3.4811070895804774,2900.703,2.482626305221594,-0.0001639731698635652,-1697.7164352887728,2955.484
B0043,90,1.492624987952706,35,22,19,B0043,90,2914.031,3.4751044596466345,2914.031,2.397470273055264,-0.00015864096323325063,-1688.0192176788903,2957.016
B0043,92,1.4924024018806028,36,22,18,B0043,92,2901.968,3.477204405944101,2901.968,2.370171214445116,-0.0001708040949331065,-1682.5561248319448,2948.219
B0043,94,1.4853020201751674,37,22,17,B0043,94,2901.734,3.4821729368749903,2901.734,2.4670029904490636,-0.00015980668829526423,-1670.669192245269,2935.5
B0043,96,1.477208127101587,38,22,16,B0043,96,2887.407,3.4803385610467856,2887.407,2.476788514821077,-0.0001584456245464672,-1655.7376879902083,2913.797000000006
B0043,98,1.4694738525181406,39,22,15,B0043,98,2861.937,3.4714831954460226,2861.937,2.4014857684023228,-0.00016545067245378914,-1637.7623872387337,2900.703
B0043,215,1.5250840516518187,40,4,14,B0043,215,5608.781,3.469391279257716,5608.781,2.487710804240493,-0.00010085215067724004,-1569.6254180516057,2914.031
B0043,219,1.552568811301301,41,4,13,B0043,219,5703.296,3.48966312523739,5703.296,2.4700528908595785,-0.00010322288496137112,-1601.033717060133,2901.968
B0043,221,1.5427752626774387,42,4,12,B0043,221,5668.032,3.488348128969056,5668.032,2.4917865311625422,-0.00010580392647321662,-1586.4723443801304,2901.734
B0043,223,1.5331932831264679,43,4,11,B0043,223,5634.047,3.4828518772266337,5634.047,2.4681420264399123,-0.00010925796502299606,-1569.9015711045565,2887.407
B0043,225,1.5152721949172019,44,4,10,B0043,225,5582.375,3.479771238023003,5582.375,2.4840346404021036,-0.00011058707126596819,-1544.7041153500463,2861.937
B0043,227,1.5074989761997712,45,4,9,B0043,227,5567.329,3.472364264525715,5567.329,2.4820985064146877,-0.00011502820576458897,-1531.4799583631616,5608.781
B0043,231,1.4896288908647644,46,4,8,B0043,231,5528.453,3.465591847973896,5528.453,2.4995448861629077,-0.000115932803783525,-1505.0282860989792,5703.296
B0043,233,1.4780778852088083,47,4,7,B0043,233,5513.39,3.462170960038744,5513.39,2.4624361945446704,-0.00011814552089509518,-1493.2806589960417,5668.032
B0043,235,1.4700035345334466,48,4,6,B0043,235,5486.187,3.4569777103220334,5486.187,2.4931009972754072,-0.00012331707778102808,-1460.207675173877,5634.047
B0043,237,1.4565623180137077,49,4,5,B0043,237,5461.922,3.4492177522513887,5461.922,2.462787320418678,-0.00012522797067478613,-1457.290652390541,5582.375
B0043,239,1.445976962830235,50,4,4,B0043,239,5438.157,3.4475798555048587,5438.157,2.497516098993309,-0.00012749851293707582,-1439.4089663618581,5567.329
B0043,243,1.4325855992469252,51,4,3,B0043,243,5402.875,3.4358831885309766,5402.875,2.472999574663348,-0.00013260933742666658,-1420.895667354423,5528.453
B0043,245,1.4197344854662965,52,4,2,B0043,245,5384.438,3.439373735149159,5384.438,2.4798848457409326,-0.0001271638934805008,-1405.158159013452,5513.39
B0043,247,1.401262575071573,53,4,1,B0043,247,5344.859,3.437163038991663,5344.859,2.483308761917933,-0.0001278624821947679,-1386.872608913993,5486.187
B0043,249,1.3862945308535968,54,4,0,B0043,249,5305.156,3.4327159380148453,5305.156,2.4722726688004673,-0.00012949251497009783,-1367.7659934994927,5461.922
B0047,0,1.6743047446975208,0,4,9,B0047,0,6436.141,3.475266475965794,6436.141,2.4706118669327277,-0.00010765919873882155,-1625.6818755792408,
B0047,4,1.5243662105099023,1,4,8,B0047,4,5650.265,3.476558818909035,5650.265,2.477661652422805,-0.00010945375633917092,-1467.2244336058618,
B0047,6,1.5080762969973425,2,4,7,B0047,6,5590.907,3.4707669643372316,5590.907,2.4707098734854784,-0.0001156420889488112,-1447.658859357812,
B0047,8,1.4835577960067696,3,4,6,B0047,8,5543.61,3.4675514337042963,5543.61,2.465457800547402,-0.00011632194789059146,-1422.5547791491101,
B0047,10,1.4671391666146525,4,4,5,B0047,10,5499.046,3.46283862720326,5499.046,2.465765118194009,-0.00011899375900366559,-1403.3717571741013,
B0047,12,1.448858156982267,5,4,4,B0047,12,5461.219,3.459183633096605,5461.219,2.4700482803033514,-0.00011933829223744431,-1381.3992271263771,6436.141
B0047,16,1.4458534180949325,6,4,3,B0047,16,5451.281,3.4408656497572894,5451.281,2.484128874181115,-0.00012427463344669067,-1367.03808746443,5650.265
B0047,20,1.431118266178283,7,4,2,B0047,20,5468.062,3.44810227661685,5468.062,2.483034750266961,-0.00012395511617837196,-1356.3611456935566,5590.907
B0047,22,1.4192745516578533,8,4,1,B0047,22,5411.297,3.4496654644975946,5411.297,2.49830336362436,-0.00013193117781334766,-1336.4044655870766,5543.61
B0047,24,1.3999974221808271,9,4,0,B0047,24,5369.703,3.444912372407962,5369.703,2.49851157426792,-0.00012908280042690437,-1317.3431396002077,5499.046
B0048,0,1.6579955793677608,0,4,11,B0048,0,6436.141,3.465860629637431,6436.141,2.6876065414465464,-7.088867070837686e-05,-1576.4860686733282,
B0048,4,1.5076933476098775,1,4,10,B0048,4,5650.265,3.4593246298099647,5650.265,2.6835427959445024,-0.00011482084349881194,-1424.9593168611225,
B0048,6,1.4989223343608031,2,4,9,B0048,6,5590.907,3.4552294701778723,5590.907,2.6769979855651793,-0.00012042063089780487,-1412.969858899467,
B0048,8,1.4782919502497789,3,4,8,B0048,8,5543.61,3.457580706097497,5543.61,2.6934384147921953,-0.00011202522679593449,-1389.7447759525535,
B0048,10,1.461856891390611,4,4,7,B0048,10,5499.046,3.4576403855897397,5499.046,2.6967591738883163,-0.0001014685988555765,-1372.1592708175724,
B0048,12,1.4509592706473475,5,4,6,B0048,12,5461.219,3.454056999646404,5461.219,2.6855475478766424,-9.82824999923846e-05,-1356.6901611471706,6436.141
B0048,16,1.451746997147108,6,4,5,B0048,16,5451.281,3.4363674011378933,5451.281,2.6917502037421612,-0.00011447605067307429,-1346.3214751959938,5650.265
B0048,20,1.444392866287476,7,4,4,B0048,20,5468.062,3.446630487884357,5468.062,2.689384375743919,-9.26234259786688e-05,-1339.503909538646,5590.907
B0048,22,1.432738323965376,8,4,3,B0048,22,5411.297,3.4469353939775917,5411.297,2.6855540838129546,-9.848011005727433e-05,-1326.1583454571196,5543.61
B0048,24,1.417241201438662,9,4,2,B0048,24,5369.703,3.4438356242957955,5369.703,2.6891526224241358,-9.053997404417681e-05,-1307.6002817644376,5499.046
B0048,26,1.4057559944573452,10,4,1,B0048,26,5327.406,3.4417182002819082,5327.406,2.678956108681276,-9.416344455764044e-05,-1293.4355667025732,5461.219
B0048,28,1.3902706269897063,11,4,0,B0048,28,5299.266,3.4394561239669734,5299.266,2.688287422782237,-8.257596527057612e-05,-1275.201872900234,5451.281
B0034,0,0.7459302957645664,0,24,0,B0034,0,1819.406,3.1178767585161355,1819.406,2.170439265213917,6.439939201752149e-05,-1057.87186001219,
B0026,3,1.8132504303869899,0,24,5,B0026,3,6515.422000000006,3.4048902203154943,6515.422000000006,1.98069037313681,2.5992420153608432e-05,-2215.3804217994343,
B0026,5,1.8149760087078302,1,24,4,B0026,5,6516.219,3.4186314041293397,6516.219,1.9296821070764223,2.3937442602441634e-05,-2206.829188115941,
B0026,7,1.8135354175561993,2,24,3,B0026,7,6489.5,3.4453022579697694,6489.5,2.169258771295841,2.1835825415586663e-05,-2187.849708019551,
B0026,9,1.815149273310334,3,24,2,B0026,9,6471.25,3.428191948277495,6471.25,1.898741105703338,2.0219007227165515e-05,-2170.5684223193407,
B0026,11,1.8142913014068198,4,24,1,B0026,11,6466.672,3.433945869545593,6466.672,1.9095478812878097,1.98221831578414e-05,-2159.1391335120284,
B0026,15,1.3863373424430125,5,24,0,B0026,15,6410.672,3.2986715430208906,6410.672,2.0442560844271522,-1.9771608224750635e-05,-1614.9358694270952,6515.422000000006
B0036,0,1.001982588175331,0,24,0,B0036,0,1819.406,3.31006215589056,1819.406,2.692363558999662,-0.00031114809501139304,-1241.4921073231142,
B0040,0,0.6734628137095633,0,24,0,B0040,0,982.938,3.2570770872838057,982.938,2.689034363728547,0.00038612799194663084,-764.9532466178993,
B0056,0,0.7852781208785192,0,4,0,B0056,0,2660.313,3.2954766160397115,2660.313,2.689656173110366,9.87562918346982e-05,-910.7534520032518,
B0005,1,1.8564874208181574,0,24,124,B0005,1,3690.234,3.529828668869337,3690.234,2.612467347907089,-0.00015500274429287902,-1273.2448765476347,
B0005,3,1.846327249719927,1,24,123,B0005,3,3672.344,3.5373201277859696,3672.344,2.587208728940726,-0.00015310614567696875,-1268.5789436786395,
B0005,5,1.8353491942234077,2,24,122,B0005,5,3651.641,3.5437367282718983,3651.641,2.6519168938437794,-0.00015342224908772946,-1262.9483056638,
B0005,7,1.8352625275821128,3,24,121,B0005,7,3631.563,3.5436661072601443,3631.563,2.592947964776547,-0.00015318584845017992,-1262.7295899092733,
B0005,9,1.8346455082120419,4,24,120,B0005,9,3629.172,3.542343252667217,3629.172,2.547419651124539,-0.0001534044140747349,-1262.9621259086864,
B0005,11,1.8356616600675495,5,24,119,B0005,11,3652.281,3.5413347346347566,3652.281,2.5209480504077413,-0.0001534722941617867,-1263.4095449132951,3690.234
B0005,13,1.8351461429226603,6,24,118,B0005,13,3650.828,3.5410250495075224,3650.828,2.487927319492314,-0.00015296780588702134,-1263.6657923198452,3672.344
B0005,15,1.8257567905665537,7,24,117,B0005,15,3572.453,3.5541332968015853,3572.453,2.6652049047458775,-0.00015347548310993918,-1258.615320825958,3651.641
B0005,17,1.8247738529891333,8,24,116,B0005,17,3550.594,3.5529355991467955,3550.594,2.6038584726333673,-0.0001538108580675325,-1258.0922927717504,3631.563
B0005,19,1.824613268496936,9,24,115,B0005,19,3551.25,3.5512057319376997,3551.25,2.552853984885676,-0.00015432209124798806,-1257.5248816118697,3629.172
B0005,21,1.8246195526864504,10,24,114,B0005,21,3530.25,3.5492923197409545,3530.25,2.4724483018527317,-0.00015449454914573754,-1256.7402549477838,3652.281
B0005,24,1.8142019357673917,11,24,113,B0005,24,3491.016,3.559759220648977,3491.016,2.64956413267546,-0.00015469257943358976,-1252.0999656847628,3650.828
B0005,26,1.8137521577549054,12,24,112,B0005,26,3470.281,3.558081969139199,3470.281,2.5724981777366227,-0.00015489180696415911,-1251.1035597349774,3572.453
B0005,28,1.8134404914735822,13,24,111,B0005,28,3470.0,3.555692244172495,3470.0,2.5249886697730286,-0.00015488604211035594,-1250.3737374221005,3550.594
B0005,30,1.8025980036306504,14,24,110,B0005,30,3450.297,3.5627468180175024,3450.297,2.694621861688723,-0.0001554573470115608,-1244.6622593394427,3551.25
B0005,32,1.80210690024615,15,24,109,B0005,32,3429.407,3.5614521756489212,3429.407,2.64010141737067,-0.00015580527372933847,-1244.0571304254738,3530.25
B0005,34,1.802579500826209,16,24,108,B0005,34,3409.484,3.5603420474985823,3409.484,2.5739035098380962,-0.0001561290819010806,-1243.5689673413408,3491.016
B0005,36,1.8030683142834096,17,24,107,B0005,36,3390.422,3.5591189041401865,3390.422,2.4942396831720126,-0.00015652736492202432,-1242.920737658108,3470.281
B0005,38,1.8027776247196041,18,24,106,B0005,38,3390.281,3.5578867718465084,3390.281,2.4556793246645583,-0.00015681430693016796,-1242.4667519521076,3470.0
B0005,41,1.8470259949329193,19,24,105,B0005,41,3591.734,3.5520375235511934,3591.734,2.632142800798914,-0.0001501827800669073,-1272.8556692143031,3450.297
B0005,45,1.847417311283644,20,24,104,B0005,45,3552.297,3.552566843689714,3552.297,2.5027764692056795,-0.00015090442335592092,-1272.549840813169,3429.407
B0005,49,1.8361774213478947,21,24,103,B0005,49,3531.578,3.5567940383270416,3531.578,2.617507742871704,-0.0001512536219503843,-1265.8553745769598,3409.484
B0005,53,1.8257807475776242,22,24,102,B0005,53,3492.907,3.5614100044534176,3492.907,2.694074478000972,-0.00015156272066520213,-1259.0822070201582,3390.422
B0005,57,1.8251136435078368,23,24,101,B0005,57,3511.594,3.5566107947817986,3511.594,2.6237674644021887,-0.00015202694799272844,-1258.263146871272,3390.281
B0005,61,1.8255815042203762,24,24,100,B0005,61,3431.9370000000054,3.5586742170266286,3431.9370000000054,2.5010798299873738,-0.00015252844918137601,-1257.1225813248582,3591.734
B0005,65,1.8140311275083907,25,24,99,B0005,65,3431.125,3.564103182686904,3431.125,2.6849988185249796,-0.00015316420422375766,-1251.5580014901775,3552.297
B0005,69,1.8147691941158939,26,24,98,B0005,69,3412.406,3.5595880635942723,3412.406,2.547109116468133,-0.00015417575810204416,-1249.9336953508675,3531.578
B0005,73,1.813969388710352,27,24,97,B0005,73,3410.688,3.556833231052199,3410.688,2.471314764334132,-0.00015474390045345927,-1249.2452374752468,3492.907
B0005,77,1.802765665167823,28,24,96,B0005,77,3410.718,3.562441085094898,3410.718,2.6613903306108773,-0.00015517723362461588,-1243.7362381738164,3511.594
B0005,81,1.804077040117352,29,24,95,B0005,81,3392.719,3.559140710685569,3392.719,2.541762355407921,-0.0001558197740800722,-1242.4768023725264,3431.9370000000054
B0005,85,1.8518025516704486,30,24,94,B0005,85,3470.672,3.5573161327793152,3470.672,2.628919415830567,-0.0001517707808004053,-2544.0848802401883,3431.125
B0005,89,1.8307038456739428,31,24,93,B0005,89,3414.109,3.5618707827727394,3414.109,2.6312552691827045,-0.0001531119631451228,-2516.8291334377436,3412.406
B0005,93,1.8199041089501267,32,24,92,B0005,93,3395.219,3.56175863372601,3395.219,2.654880745360911,-0.0001545488857831163,-2501.7566648370694,3410.688
B0005,97,1.8093079637028517,33,24,91,B0005,97,3386.0,3.5597307651083083,3386.0,2.6749688422803803,-0.0001557665731939013,-2485.7419744804783,3410.718
B0005,101,1.80460990458052,34,24,90,B0005,101,3368.187,3.557593755354089,3368.187,2.6159705726789904,-0.00015729685663493504,-2476.913636085701,3392.719
B0005,105,1.7993770651972192,35,24,89,B0005,105,3368.266,3.5597237883937978,3368.266,2.658447162110498,-0.00015746839918395305,-2471.7747345358775,3470.672
B0005,109,1.7884432335370462,36,24,88,B0005,109,3358.719,3.559061771422035,3358.719,2.6979426084271156,-0.00015839330617106653,-2456.3851120922304,3414.109
B0005,113,1.7829230484252723,37,24,87,B0005,113,3339.5,3.5570155277480575,3339.5,2.6617272246516333,-0.00015966178689940066,-2447.4366968107593,3395.219
B0005,117,1.7730337158018288,38,24,86,B0005,117,3331.265,3.5562481933590964,3331.265,2.699288287625812,-0.000160950767915336,-2432.523116044633,3386.0
B0005,121,1.773037755078937,39,24,85,B0005,121,3321.188,3.553275652609183,3321.188,2.6127932408838532,-0.00016159431225009735,-2431.402456086159,3368.187
B0005,125,1.7678721106662054,40,24,84,B0005,125,3321.844,3.5562664316402546,3321.844,2.6637064901468075,-0.00016142736036256562,-2426.162974622879,3368.266
B0005,129,1.7623150704093087,41,24,83,B0005,129,3311.828,3.5563095420140813,3311.828,2.6668454289754746,-0.00016251739692174774,-2418.7612205570413,3358.719
B0005,133,1.7676172924938447,42,24,82,B0005,133,3327.391,3.5589508510541052,3327.391,2.684431051981017,-0.0001624917143411737,-1219.570832263905,3339.5
B0005,135,1.762668359743147,43,24,81,B0005,135,3312.078,3.553441821159802,3312.078,2.645224362345869,-0.00016310727224714096,-2416.5023346316293,3331.265
B0005,139,1.7517304870664143,44,24,80,B0005,139,3293.172,3.5510121537420294,3293.172,2.6603527244917,-0.00016479325052030255,-2399.973990249516,3321.188
B0005,143,1.7418496047960008,45,24,79,B0005,143,3275.328,3.5513176082139504,3275.328,2.6926849789916263,-0.00016644894035170354,-2385.8086900352964,3321.844
B0005,147,1.7360913511847138,46,24,78,B0005,147,3265.016,3.549003180550162,3265.016,2.670544734728978,-0.00016748617242251862,-2377.0317957593643,3311.828
B0005,149,1.7936240148573608,47,24,77,B0005,149,3328.937,3.5597648340955144,3328.937,2.605158060541757,-0.0001552364690385321,-2463.9286921152793,3327.391
B0005,153,1.7831890223273275,48,24,76,B0005,153,3329.266,3.5623454342368555,3329.266,2.672012007453096,-0.00015771479214405715,-2451.239675555823,3312.078
B0005,157,1.7673642076278957,49,24,75,B0005,157,3301.579,3.55833665762162,3301.579,2.674271233724938,-0.00016037522622315448,-2426.3482292452054,3293.172
B0005,161,1.7570177850353066,50,24,74,B0005,161,3283.563,3.5540131386228664,3283.563,2.6309416727017187,-0.00016224636518680796,-2408.993257950006,3275.328
B0005,165,1.7468706179837907,51,24,73,B0005,165,3275.125,3.552376095886299,3275.125,2.6629725743154204,-0.00016413817764893382,-2393.5519625670127,3265.016
B0005,169,1.7417172507457144,52,24,72,B0005,169,3265.656,3.549618661283731,3265.656,2.612942119873717,-0.0001656451993882535,-2385.0645656200672,3328.937
B0005,173,1.7364225056478186,53,24,71,B0005,173,3266.093,3.54938103086703,3266.093,2.6157198442661476,-0.00016578564840917507,-2378.2027396983995,3329.266
B0005,177,1.7263217239235826,54,24,70,B0005,177,3257.594,3.5472118680418943,3257.594,2.6287695472774453,-0.0001680868347188241,-2362.3673120920935,3301.579
B0005,181,1.7158065389330133,55,24,69,B0005,181,3248.593,3.5467052098640224,3248.593,2.6655106679421823,-0.00016718206344483975,-2347.4308289175333,3283.563
B0005,185,1.710533351135192,56,24,68,B0005,185,3238.766,3.5446296538834283,3238.766,2.650495153350403,-0.00016680219590612877,-2339.07403110351,3275.125
B0005,189,1.706014499648521,57,24,67,B0005,189,3240.14,3.543629161425323,3240.14,2.643236235233877,-0.00016462404460061082,-2331.901665481871,3265.656
B0005,193,1.7003110272642588,58,24,66,B0005,193,3230.109,3.544494614799524,3230.109,2.656450207001938,-0.00016519710886186395,-2324.954872375157,3266.093
B0005,197,1.6945798601797895,59,24,65,B0005,197,3229.7810000000027,3.540920184655687,3229.7810000000027,2.626177688152069,-0.00016389994478714916,-2315.6099865744836,3257.594
B0005,201,1.6849029086609286,60,24,64,B0005,201,3212.469,3.5411956687990602,3212.469,2.6582230344240045,-0.00016249797770947862,-2301.1670282711743,3248.593
B0005,205,1.6744741591159717,61,24,63,B0005,205,3213.219,3.540671044783381,3213.219,2.695100237338448,-0.00015512009996402826,-2286.2717380011277,3238.766
B0005,209,1.6745692479879102,62,24,62,B0005,209,3203.578,3.5376048790268775,3203.578,2.639091813583503,-0.00016126564497963804,-2284.775106218641,3240.14
B0005,213,1.663716375981405,63,24,61,B0005,213,3195.125,3.538422485261741,3195.125,2.6857210282450983,-0.00015638724473124652,-2269.8282585343654,3230.109
B0005,215,1.659013868748246,64,24,60,B0005,215,3195.3129999999946,3.539286269889121,3195.3129999999946,2.69017866510873,-0.0001536884085764025,-2264.1056493387828,3229.7810000000027
B0005,219,1.6538540573335014,65,24,59,B0005,219,3186.297,3.533690170241393,3186.297,2.639895313359579,-0.00015676726570925122,-2253.7339160091337,3212.469
B0005,223,1.642653782130131,66,24,58,B0005,223,3176.438,3.534367734544493,3176.438,2.68991452927918,-0.00014977237880940323,-2239.0079656256544,3213.219
B0005,227,1.6378578430223698,67,24,57,B0005,227,3167.593,3.5312941932103596,3167.593,2.65935818848874,-0.00015287516242855746,-2230.36623490429,3203.578
B0005,231,1.6327350407099108,68,24,56,B0005,231,3167.719,3.530913477168431,3167.719,2.6657030585650423,-0.00015001343234898363,-2223.092590662421,3195.125
B0005,235,1.6277528915533617,69,24,55,B0005,235,3159.077999999994,3.5287226893409898,3159.077999999994,2.642986759012803,-0.00015086074745516355,-2214.593675389967,3195.3129999999946
B0005,239,1.622125485521159,70,24,54,B0005,239,3148.829,3.526254935819688,3148.829,2.6311169118893036,-0.00015180716811052705,-2206.0477018434863,3186.297
B0005,243,1.6113256603765849,71,24,53,B0005,243,3149.094,3.5286843243370085,3149.094,2.696157404617167,-0.0001415706892005048,-2192.56020766419,3176.438
B0005,247,1.6065631397488385,72,24,52,B0005,247,3140.547,3.525556939424902,3140.547,2.6667596238241567,-0.0001434859162146524,-2183.836897147813,3167.593
B0005,251,1.6015142233917594,73,24,51,B0005,251,3131.625,3.522680564679371,3131.625,2.6403185448373043,-0.00014531586526659836,-2175.107798396028,3167.719
B0005,255,1.590369231400328,74,24,50,B0005,255,3121.907,3.524673458789008,3121.907,2.69892986372897,-0.00013779878966779219,-2161.020995679394,3159.077999999994
B0005,259,1.5857889968242211,75,24,49,B0005,259,3122.125,3.5213155754526833,3122.125,2.6682466504352993,-0.00013660917411974086,-2152.7933506260206,3148.829
B0005,263,1.5849430707374117,76,24,48,B0005,263,3121.672,3.518033864864624,3121.672,2.6479207279724903,-0.0001367364884615972,-2150.2057053388376,3149.094
B0005,265,1.5955263892495937,77,24,47,B0005,265,3120.86,3.5236841955396816,3120.86,2.6741633856529066,-0.00014689081901909226,-2168.5353592361594,3140.547
B0005,269,1.5747301747801037,78,24,46,B0005,269,3103.828,3.5191466382406653,3103.828,2.6892528956736257,-0.0001353727082044049,-2136.060758188487,3131.625
B0005,273,1.5649019950937946,79,24,45,B0005,273,3095.094,3.5162336486082393,3095.094,2.688809122993162,-0.00013176161135596028,-2120.3241535083957,3121.907
B0005,277,1.5597659473370362,80,24,44,B0005,277,3095.781,3.514773138461639,3095.781,2.6743555987897745,-0.0001301223162163054,-2112.6401073030675,3122.125
B0005,281,1.5594815668184234,81,24,43,B0005,281,3094.328,3.5132992979150077,3094.328,2.6430294964336345,-0.00013315025891119908,-2112.758928133325,3121.672
B0005,285,1.55468935359061,82,24,42,B0005,285,3086.531,3.5144848307046663,3086.531,2.6584858447131823,-0.00013233723569363787,-2106.062707469747,3120.86
B0005,289,1.5488741079890418,83,24,41,B0005,289,3085.625,3.5109677353595266,3085.625,2.629782173759164,-0.0001309814209700792,-2096.966044986778,3103.828
B0005,293,1.538236598942558,84,24,40,B0005,293,3067.203,3.510935874957802,3067.203,2.6622967647315545,-0.00012776886205020818,-2081.5922201585477,3095.094
B0005,297,1.527914258251028,85,24,39,B0005,297,3058.157,3.509393098217417,3058.157,2.682380966742509,-0.0001211521843832266,-2065.8262341073482,3095.781
B0005,301,1.5285252629756445,86,24,38,B0005,301,3058.812,3.5066782411556576,3058.812,2.6401894768922713,-0.00012490198951993945,-2065.5607630212094,3094.328
B0005,305,1.522647325284378,87,24,37,B0005,305,3058.578,3.5109885623008097,3058.578,2.693769409137257,-0.00011902930496646118,-2059.9633866157164,3086.531
B0005,309,1.5174859938489869,88,24,36,B0005,309,3049.328,3.5103054626951775,3049.328,2.695787450704935,-0.00011966630293431471,-2052.4807192929366,3085.625
B0005,312,1.605818899130659,89,24,35,B0005,312,3177.219,3.5222215314850227,3177.219,2.6920548172137724,-0.00013180539337109715,-2181.8388014437296,3067.203
B0005,315,1.5638491446744425,90,24,34,B0005,315,3082.937,3.516349215433127,3082.937,2.629071246219689,-0.00014739385318956417,-2122.940495272764,3058.157
B0005,319,1.5480915247767786,91,24,33,B0005,319,3074.266,3.5134397623234945,3074.266,2.631343871050918,-0.00013841102163462976,-2099.1199136149785,3058.812
B0005,323,1.5323755631868592,92,24,32,B0005,323,3066.0,3.5151375220090766,3066.0,2.6983970036642315,-0.00012660393062193046,-2077.372763165747,3058.578
B0005,327,1.5269528268489705,93,24,31,B0005,327,3056.437,3.508303906431322,3056.437,2.6338485871981514,-0.0001287483747014226,-2066.6752598311587,3049.328
B0005,331,1.5169573017136326,94,24,30,B0005,331,3048.219,3.5091908084430012,3048.219,2.671566207861818,-0.00012190270693332026,-2052.328589229594,3177.219
B0005,335,1.5118975960142693,95,24,29,B0005,335,3039.218,3.506809757955535,3039.218,2.6540810507928123,-0.00012300476033455832,-2044.0887940385949,3082.937
B0005,339,1.5065638960681105,96,24,28,B0005,339,3039.047,3.5060909072742232,3039.047,2.656849703962618,-0.00011891331474668323,-2036.6393082726759,3074.266
B0005,343,1.5015453526671363,97,24,27,B0005,343,3030.375,3.503715772726593,3030.375,2.6363048614501152,-0.00012026044446076682,-2028.0302986614502,3066.0
B0005,347,1.4908444050400238,98,24,26,B0005,347,3021.0,3.506747996136711,3021.0,2.69951692300468,-0.00011265230627492875,-2014.6324938252098,3056.437
B0005,351,1.485868384561201,99,24,25,B0005,351,3021.75,3.5058813026542306,3021.75,2.698216006032282,-0.00010896092585974292,-2006.9277479911814,3048.219
B0005,355,1.480413677976106,100,24,24,B0005,355,3012.265,3.5041683335308083,3012.265,2.6911707598773864,-0.00010945075396592007,-1998.4769593558183,3039.218
B0005,359,1.4752095869031632,101,24,23,B0005,359,3002.641,3.503056893147064,3002.641,2.690162319231471,-0.00010885994180829003,-1991.0705313703436,3039.047
B0005,363,1.4859035988304024,102,24,22,B0005,363,3012.0,3.4982324882487914,3012.0,2.6355034454892072,-0.00011792472338360466,-2003.7568400806617,3030.375
B0005,366,1.4960918298136696,103,24,21,B0005,366,3020.11,3.5065859365661316,3020.11,2.6594753656507684,-0.0001230745687186554,-2023.422691406661,3021.0
B0005,370,1.4808005946928984,104,24,20,B0005,370,3002.172000000006,3.501457140697963,3002.172000000006,2.644554999824577,-0.0001182205154477331,-1998.722718463491,3021.75
B0005,374,1.4697543268466824,105,24,19,B0005,374,2992.703,3.5016583871628075,2992.703,2.6719601666204564,-0.0001118784074785047,-1983.7559973664909,3012.265
B0005,378,1.4539012274845928,106,24,18,B0005,378,2964.468,3.496618640845532,2964.468,2.6598211033173382,-0.00011030991643703543,-1959.1584151398376,3002.641
B0005,382,1.4541462067235693,107,24,17,B0005,382,2983.375,3.499164571943326,2983.375,2.688360455508818,-0.00010305754047813404,-1960.4994418658505,3012.0
B0005,386,1.455023751906683,108,24,16,B0005,386,2975.297,3.4960807773600746,2975.297,2.6376728619288525,-0.00010900752247042665,-1959.7469120334915,3020.11
B0005,390,1.449042163761236,109,24,15,B0005,390,2974.9850000000006,3.4959014526387993,2974.9850000000006,2.645120521151077,-0.0001061544160754185,-1951.8927349817802,3002.172000000006
B0005,394,1.4386709371480566,110,24,14,B0005,394,2966.25,3.49758697990267,2966.25,2.698012437629632,-9.739673248957982e-05,-1937.367677847184,2992.703
B0005,398,1.433445432156979,111,24,13,B0005,398,2956.359,3.4956989619989476,2956.359,2.6928942772989077,-9.722010174357768e-05,-1929.645729568179,2964.468
B0005,402,1.4333958900838095,112,24,12,B0005,402,2956.344,3.492875380810072,2956.344,2.6483923655058113,-0.00010039952763992154,-1928.7376757711568,2983.375
B0005,406,1.42806487344776,113,24,11,B0005,406,2956.406,3.4955107642336793,2956.406,2.6832134764261997,-9.6713648591838e-05,-1922.481703921128,2975.297
B0005,410,1.4229203181741186,114,24,10,B0005,410,2947.266,3.4942333590450834,2947.266,2.684960445221862,-9.482277304001311e-05,-1914.3157015711106,2974.9850000000006
B0005,414,1.417429032731308,115,24,9,B0005,414,2937.984,3.491197414255987,2937.984,2.669922120529456,-9.47593035615253e-05,-1905.220657589148,2966.25
B0005,418,1.412409228794446,116,24,8,B0005,418,2929.125,3.488909408157625,2929.125,2.664105530655056,-9.411142837801818e-05,-1897.0271345921517,2956.359
B0005,422,1.412578792940193,117,24,7,B0005,422,2928.454,3.487376295811432,2928.454,2.634098605983684,-9.719650877964054e-05,-1897.0334793469628,2956.344
B0005,426,1.4075983731469897,118,24,6,B0005,426,2929.375,3.491994243745711,2929.375,2.68378702970616,-9.198489427905273e-05,-1892.0734737428015,2956.406
B0005,430,1.4333920485221476,119,24,5,B0005,430,2946.031,3.491585878898649,2946.031,2.660031949282934,-0.00010691208468001718,-1928.9390451222432,2947.266
B0005,432,1.4382550176792908,120,24,4,B0005,432,2955.438,3.4955762270464232,2955.438,2.650011641082063,-0.00010996877392834677,-1938.441365114868,2937.984
B0005,436,1.4173547174485526,121,24,3,B0005,436,2937.625,3.4938988589692452,2937.625,2.6936969083341418,-9.650576701874879e-05,-1907.3733700239427,2929.125
B0005,440,1.406981663677643,122,24,2,B0005,440,2929.078,3.4915916296838407,2929.078,2.697073130067154,-9.153559639871531e-05,-1890.9758617081172,2928.454
B0005,444,1.4012037783587625,123,24,1,B0005,444,2918.375,3.4885729299834765,2918.375,2.6806995515145213,-9.031966982378734e-05,-1882.2700435115628,2929.375
B0005,448,1.3967008232726328,124,24,0,B0005,448,2919.812,3.486902115108984,2919.812,2.6695398084864568,-8.83544147528514e-05,-1874.2207704884108,2946.031
B0006,1,2.035337591005598,0,24,108,B0006,1,3690.234,3.5569460618275723,3690.234,2.4757677568281857,-0.0001407808990355703,-1392.295286358652,
B0006,3,2.0251402460314116,1,24,107,B0006,3,3672.344,3.5614758013870813,3672.344,2.35152551190002,-0.0001382732139941887,-1386.8421041141708,
B0006,5,2.013326371345464,2,24,106,B0006,5,3651.641,3.5667524696413198,3651.641,2.4404797151065436,-0.00013895470097070598,-1381.5911308556874,
B0006,7,2.0132846655407413,3,24,105,B0006,7,3631.563,3.568795337151627,3631.563,2.4791558539003917,-0.0001398715842602428,-1375.0462532217355,
B0006,9,2.000528337624771,4,24,104,B0006,9,3629.172,3.5639705032899403,3629.172,2.280187848173442,-0.00014071968189857548,-1373.1215828793238,
B0006,11,2.0138990759931645,5,24,103,B0006,11,3652.281,3.57355123877914,3652.281,2.4392842568466446,-0.00014064424817965864,-1384.3027465659245,3690.234
B0006,13,2.013101105626967,6,24,102,B0006,13,3650.828,3.5711391343785928,3650.828,2.2812068449406446,-0.00014144048746925772,-1383.3374933601067,3672.344
B0006,15,1.9687898262728398,7,24,101,B0006,15,3572.453,3.5681507462163036,3572.453,2.366410527029613,-0.00014240482631559456,-1353.1738058138615,3651.641
B0006,17,1.9681661764334244,8,24,100,B0006,17,3550.594,3.5692834155812454,3550.594,2.436020049578708,-0.00014300101958887845,-1346.5811977472738,3631.563
B0006,19,1.9572307917560536,9,24,99,B0006,19,3551.25,3.5633885134845777,3551.25,2.1864377487643725,-0.00014407054555165322,-1344.3108482523976,3629.172
B0006,21,1.9455991514129352,10,24,98,B0006,21,3530.25,3.5666587197655133,3530.25,2.3406023605912454,-0.0001448900016260649,-1338.4191655195548,3652.281
B0006,24,1.9347505044841131,11,24,97,B0006,24,3491.016,3.5687035970122842,3491.016,2.4263021374140443,-0.0001471066341167719,-1324.7660402491563,3650.828
B0006,26,1.9232799539368028,12,24,96,B0006,26,3470.281,3.569207084156356,3470.281,2.4753697700007034,-0.00014792077270877122,-1317.8252304324737,3572.453
B0006,28,1.911889930948487,13,24,95,B0006,28,3470.0,3.565927129610939,3470.0,2.342364523655007,-0.00014926892926987108,-1316.575722620527,3550.594
B0006,30,1.9010667141979305,14,24,94,B0006,30,3450.297,3.5612417270649495,3450.297,2.188400081882664,-0.00015046171386548556,-1307.8007822358013,3551.25
B0006,32,1.8891989948061458,15,24,93,B0006,32,3429.407,3.5578819878360726,3429.407,2.1206980945954057,-0.0001518004771040053,-1299.3635350482014,3530.25
B0006,34,1.878278372248849,16,24,92,B0006,34,3409.484,3.5628243724377704,3409.484,2.369981457799298,-0.0001532783258601064,-1294.0200186898223,3491.016
B0006,36,1.8675697161520206,17,24,91,B0006,36,3390.422,3.559195328016862,3390.422,2.247991649924625,-0.00015473251118036714,-1285.5180123890389,3470.281
B0006,38,1.8675892574453767,18,24,90,B0006,38,3390.281,3.5580906165580966,3390.281,2.4115317107898875,-0.00015613321197395098,-1279.4073977847002,3470.0
B0006,41,1.979626548250818,19,24,89,B0006,41,3591.734,3.565899462157851,3591.734,2.2033558468593775,-0.00014182342196042758,-1359.4797726101751,3450.297
B0006,45,1.9575499080884022,20,24,88,B0006,45,3552.297,3.570814209348872,3552.297,2.35887751155593,-0.00014307393305488283,-1347.0423840566978,3429.407
B0006,49,1.9458150170787551,21,24,87,B0006,49,3531.578,3.5666817833633124,3531.578,2.218672914041916,-0.00014507128128769087,-1338.1248622777598,3409.484
B0006,53,1.9242461121680094,22,24,86,B0006,53,3492.907,3.566839274502585,3492.907,2.339723057947995,-0.00014722295861253608,-1323.9052230069797,3390.422
B0006,57,1.9459811331421641,23,24,85,B0006,57,3511.594,3.571051969392875,3511.594,2.3997508208942735,-0.00014920059840303068,-1332.5553263099025,3390.281
B0006,61,1.901407930553079,24,24,84,B0006,61,3431.9370000000054,3.5666308474029806,3431.9370000000054,2.491410879472442,-0.00015047669050952635,-1302.2222988383678,3591.734
B0006,65,1.878674213680085,25,24,83,B0006,65,3431.125,3.552739224085491,3431.125,2.1387303309558976,-0.00015233139742776002,-1291.644515736395,3552.297
B0006,69,1.8683061328264219,26,24,82,B0006,69,3412.406,3.5560959755046597,3412.406,2.346064498302046,-0.00015420728019581955,-1285.618579704668,3531.578
B0006,73,1.8560244070082998,27,24,81,B0006,73,3410.688,3.550450085830337,3410.688,2.327337743316428,-0.00015679211934143766,-1277.5789182158585,3492.907
B0006,77,1.8451997961855777,28,24,80,B0006,77,3410.718,3.5460070836403115,3410.718,2.4863117233366316,-0.00015872964799840036,-1263.809111989048,3511.594
B0006,81,1.857228890885317,29,24,79,B0006,81,3392.719,3.554257954720063,3392.719,2.2921663510920895,-0.00016026322049145816,-1277.7449959326432,3431.9370000000054
B0006,85,1.9247760889090635,30,24,78,B0006,85,3470.672,3.555857469677979,3470.672,2.4343006861812118,-0.00015242031504228597,-2635.5774195704607,3431.125
B0006,89,1.8822317526092551,31,24,77,B0006,89,3414.109,3.553730673480321,3414.109,2.472619908000758,-0.0001553915754359232,-2579.3631627794107,3412.406
B0006,93,1.855276687885587,32,24,76,B0006,93,3395.219,3.5452650003621513,3395.219,2.403422072720937,-0.00015913776539762034,-2546.981846720146,3410.688
B0006,97,1.8392508917181876,33,24,75,B0006,97,3386.0,3.538408778928343,3386.0,2.4006679782182205,-0.00016263668860326585,-2522.4170696067636,3410.718
B0006,101,1.8185396073994429,34,24,74,B0006,101,3368.187,3.529768831133264,3368.187,2.3194299432177345,-0.0001661038058224371,-2489.9044564300116,3392.719
B0006,105,1.8134770059567056,35,24,73,B0006,105,3368.266,3.5300676840423275,3368.266,2.3401731734980076,-0.0001671057289859266,-2484.3321068157697,3470.672
B0006,109,1.7971018450305436,36,24,72,B0006,109,3358.719,3.524888287562954,3358.719,2.3829603510808774,-0.00017103638216113266,-2460.1613966459795,3414.109
B0006,113,1.7810046294120476,37,24,71,B0006,113,3339.5,3.5190926887152725,3339.5,2.351855540704836,-0.000174066682042044,-2435.5453990987407,3395.219
B0006,117,1.7710130422682329,38,24,70,B0006,117,3331.265,3.5151810230271,3331.265,2.3535104841115886,-0.00017686636703192986,-2419.1138121655167,3386.0
B0006,121,1.7604712448170943,39,24,69,B0006,121,3321.188,3.5140291128341596,3321.188,2.3948058223938364,-0.00017930182021685237,-2404.858881637776,3368.187
B0006,125,1.7502913788006587,40,24,68,B0006,125,3321.844,3.5141396840039363,3321.844,2.4418858444380294,-0.00018021960977123108,-2391.883689669413,3368.266
B0006,129,1.7394925037732578,41,24,67,B0006,129,3311.828,3.509578354212467,3311.828,2.391848815367812,-0.00018241497777872313,-2375.462469898502,3358.719
B0006,133,1.7546766553637203,42,24,66,B0006,133,3327.391,3.511070869329269,3327.391,2.3166154227865463,-0.00018109065680492576,-1203.600780473682,3339.5
B0006,135,1.7659390941842175,43,24,65,B0006,135,3312.078,3.5159179315855047,3312.078,2.4110989960643794,-0.00018015465464267194,-2411.183581562205,3331.265
B0006,139,1.7337887419624838,44,24,64,B0006,139,3293.172,3.505853407270776,3293.172,2.4510125175432287,-0.00018660651781406156,-2363.250016426435,3321.188
B0006,143,1.713325912040734,45,24,63,B0006,143,3275.328,3.5010379345914444,3275.328,2.471216186082459,-0.00019117661511575031,-2332.7173717131564,3321.844
B0006,147,1.7024077813673466,46,24,62,B0006,147,3265.016,3.4974076626364967,3265.016,2.470968641396993,-0.00019571459371576326,-2316.4087507647123,3311.828
B0006,149,1.82371946178183,47,24,61,B0006,149,3328.937,3.538887276674914,3328.937,2.4288023941361625,-0.0001604468587665927,-2498.328566196982,3327.391
B0006,153,1.8081284050314708,48,24,60,B0006,153,3329.266,3.532743029535681,3329.266,2.3551430866643166,-0.00016621649003410328,-2476.4034443574915,3312.078
B0006,157,1.7757610945034283,49,24,59,B0006,157,3301.579,3.5212147597332697,3301.579,2.365933525789291,-0.00017402544125145116,-2427.184959447329,3293.172
B0006,161,1.7447409841836798,50,24,58,B0006,161,3283.563,3.5093111439506677,3283.563,2.3481961394586457,-0.00018026348396536462,-2379.7567746332675,3275.328
B0006,165,1.729207034132373,51,24,57,B0006,165,3275.125,3.5071609197370837,3275.125,2.46945948630322,-0.00018545075880500267,-2357.0193203773397,3265.016
B0006,169,1.7081086552553244,52,24,56,B0006,169,3265.656,3.500928918686388,3265.656,2.4666715880697576,-0.00018957898711368623,-2326.124133298618,3328.937
B0006,173,1.6975954237461768,53,24,55,B0006,173,3266.093,3.497301989882089,3266.093,2.4482931262785135,-0.0001931190286704634,-2310.755511731516,3329.266
B0006,177,1.6820634524029463,54,24,54,B0006,177,3257.594,3.4929038301187165,3257.594,2.4745215382882586,-0.00019834752262573656,-2286.466218135914,3301.579
B0006,181,1.6714768322295086,55,24,53,B0006,181,3248.593,3.488659224822315,3248.593,2.469127855241356,-0.00020361281785494757,-2269.5933166230143,3283.563
B0006,185,1.6607591387047655,56,24,52,B0006,185,3238.766,3.4822930804773984,3238.766,2.4177173347922416,-0.00020859651790711053,-2251.9226572640273,3275.125
B0006,189,1.651121015038069,57,24,51,B0006,189,3240.14,3.477575664197983,3240.14,2.3775131079338427,-0.0002106633397749624,-2236.190414811141,3265.656
B0006,193,1.6401349256190927,58,24,50,B0006,193,3230.109,3.4787436506489255,3230.109,2.443723814618984,-0.00021411178721861013,-2221.9447266704424,3266.093
B0006,197,1.6291999416165441,59,24,49,B0006,197,3229.7810000000027,3.474015246128887,3229.7810000000027,2.4324278256917147,-0.00021864982873228504,-2204.7753474641895,3257.594
B0006,201,1.6088496302961666,60,24,48,B0006,201,3212.469,3.4718387718772705,3212.469,2.494085641889116,-0.0002233173210183184,-2174.6241345494127,3248.593
B0006,205,1.6035244898969248,61,24,47,B0006,205,3213.219,3.4631801306445515,3213.219,2.382347172890769,-0.00022939050947124029,-2162.8576663851186,3238.766
B0006,209,1.5989712144027983,62,24,46,B0006,209,3203.578,3.4634693919672066,3203.578,2.406668297987779,-0.00023067599988300493,-2156.6236878945274,3240.14
B0006,213,1.5876273123575604,63,24,45,B0006,213,3195.125,3.460218051640071,3195.125,2.4204142690378765,-0.00018936045159970204,-2138.434666104244,3230.109
B0006,215,1.5829719744686166,64,24,44,B0006,215,3195.3129999999946,3.462574876665622,3195.3129999999946,2.4507845245525193,-0.00018973222227333902,-2133.5536528129383,3229.7810000000027
B0006,219,1.567137636713563,65,24,43,B0006,219,3186.297,3.453707793758604,3186.297,2.3930328819230717,-0.00016859907984427414,-2107.0534563767355,3212.469
B0006,223,1.5613446139713882,66,24,42,B0006,223,3176.438,3.4514035349888315,3176.438,2.3938995980718403,-0.00016133695809808884,-2097.9575508877865,3213.219
B0006,227,1.5511711892790419,67,24,41,B0006,227,3167.593,3.450781146333254,3167.593,2.4373294683003053,-0.00014630699995977226,-2082.923875125476,3203.578
B0006,231,1.5406741606295171,68,24,40,B0006,231,3167.719,3.446105572450594,3167.719,2.3705330061374523,-0.00014570163506915252,-2073.728971659862,3195.125
B0006,235,1.5253138744624433,69,24,39,B0006,235,3159.077999999994,3.441815253327711,3159.077999999994,2.351294851260762,-0.0001370810598899053,-2050.1177413467103,3195.3129999999946
B0006,239,1.5301570318067428,70,24,38,B0006,239,3148.829,3.4450080159856653,3148.829,2.436845595522602,-0.00012874212536511024,-2050.3909023448996,3186.297
B0006,243,1.5246566834474087,71,24,37,B0006,243,3149.094,3.441164687975024,3149.094,2.39030487147494,-0.00012510104815443394,-2041.1970501003461,3176.438
B0006,247,1.5145492986655427,72,24,36,B0006,247,3140.547,3.443620591429829,3140.547,2.4892160721496315,-0.00011255655407657956,-2027.1499831447404,3167.593
B0006,251,1.509391504602082,73,24,35,B0006,251,3131.625,3.4399432696179084,3131.625,2.450611393803655,-0.00011322218121057821,-2017.903140179657,3167.719
B0006,255,1.5039974333050705,74,24,34,B0006,255,3121.907,3.4360271930515904,3121.907,2.4111946043456745,-0.00011291055715669074,-2008.8155997849049,3159.077999999994
B0006,259,1.4935201918040188,75,24,33,B0006,259,3122.125,3.4363093122792923,3122.125,2.4609139768640715,-0.00010199236893639193,-1993.81244654173,3148.829
B0006,263,1.4876323024497422,76,24,32,B0006,263,3121.672,3.4304702277711523,3121.672,2.378420264362521,-9.98905908940009e-05,-1989.780159340465,3149.094
B0006,265,1.5302876214401704,77,24,31,B0006,265,3120.86,3.4417311090871014,3120.86,2.3844697219937414,-0.00013855829602709262,-2054.667836448132,3140.547
B0006,269,1.5040760088360112,78,24,30,B0006,269,3103.828,3.435542921355255,3103.828,2.448639661640692,-0.00011000954070918855,-2006.8023727324326,3131.625
B0006,273,1.4887593608730894,79,24,29,B0006,273,3095.094,3.427233684237355,3095.094,2.362869757217078,-0.00010640878703800371,-1988.268721142759,3121.907
B0006,277,1.4782779285546637,80,24,28,B0006,277,3095.781,3.4307536518687582,3095.781,2.479712742728869,-9.26627416130011e-05,-1967.8671830455478,3122.125
B0006,281,1.478459982215684,81,24,27,B0006,281,3094.328,3.430880434209887,3094.328,2.4609902569842412,-9.488054999954726e-05,-1969.2208441046237,3121.672
B0006,285,1.473214844899973,82,24,26,B0006,285,3086.531,3.4319846140316543,3086.531,2.4794507375590507,-9.338064957103482e-05,-1962.0201082194274,3120.86
B0006,289,1.4675164935067897,83,24,25,B0006,289,3085.625,3.426913589626697,3085.625,2.421513989921717,-9.006134650987181e-05,-1952.1729026067214,3103.828
B0006,293,1.4516292657521335,84,24,24,B0006,293,3067.203,3.4220422356705154,3067.203,2.3927989623544175,-8.796486143800925e-05,-1934.9307891291521,3095.094
B0006,297,1.4519237720967177,85,24,23,B0006,297,3058.157,3.420268714285665,3058.157,2.410475236770924,-8.373626787369836e-05,-1925.854327748102,3095.781
B0006,301,1.4471484694777745,86,24,22,B0006,301,3058.812,3.424820810677065,3058.812,2.4915333699239977,-7.85079131250411e-05,-1921.0617384010059,3094.328
B0006,305,1.4468538105659885,87,24,21,B0006,305,3058.578,3.423499088319264,3058.578,2.444861994529003,-8.132741203017926e-05,-1920.9180886558352,3086.531
B0006,309,1.4416741930284678,88,24,20,B0006,309,3049.328,3.4247420964314865,3049.328,2.4840755398082255,-7.818548100969457e-05,-1913.753532044702,3085.625
B0006,312,1.5935866593100128,89,24,19,B0006,312,3177.219,3.4507021392558754,3177.219,2.479017302613424,-0.00012129032150202295,-2133.2359249257393,3067.203
B0006,315,1.5463902376915637,90,24,18,B0006,315,3082.937,3.4480475429907536,3082.937,2.4820670710190385,-0.00014929377991060517,-2071.2538770091624,3058.157
B0006,319,1.51470559175661,91,24,17,B0006,319,3074.266,3.439948189189649,3074.266,2.452449045714353,-0.00012103646043606538,-2023.6079273398304,3058.812
B0006,323,1.4989786083335404,92,24,16,B0006,323,3066.0,3.4341129145012412,3066.0,2.4198491932573414,-0.0001102564500610168,-1998.7483286182776,3058.578
B0006,327,1.4831110745410492,93,24,15,B0006,327,3056.437,3.432560094036394,3056.437,2.4706823501191706,-9.825415404450337e-05,-1975.7431786484667,3049.328
B0006,331,1.4729664825468278,94,24,14,B0006,331,3048.219,3.4270614887575657,3048.219,2.413759774558071,-9.504293970924784e-05,-1958.7404536242655,3177.219
B0006,335,1.4627604396099307,95,24,13,B0006,335,3039.218,3.427340316812043,3039.218,2.4562499847243027,-8.793938078957987e-05,-1944.2548502631578,3082.937
B0006,339,1.4518364681062514,96,24,12,B0006,339,3039.047,3.423482197888438,3039.047,2.401794655879554,-8.670561553015479e-05,-1934.9907630866137,3074.266
B0006,343,1.4468670644030392,97,24,11,B0006,343,3030.375,3.4220957701069397,3030.375,2.4087687236133313,-8.264245365985072e-05,-1919.7209900140772,3066.0
B0006,347,1.441380399427779,98,24,10,B0006,347,3021.0,3.421883545422635,3021.0,2.4308118485818704,-7.93913597715525e-05,-1911.9897910598422,3056.437
B0006,351,1.431210744960774,99,24,9,B0006,351,3021.75,3.41957774111519,3021.75,2.398886415333129,-7.641246914921972e-05,-1903.5096485472209,3048.219
B0006,355,1.4260247179525716,100,24,8,B0006,355,3012.265,3.417528178959646,3012.265,2.3814379490849835,-7.464806530646945e-05,-1895.2442408526845,3039.218
B0006,359,1.420487649966195,101,24,7,B0006,359,3002.641,3.419786054072566,3002.641,2.459885297095542,-6.88802478385536e-05,-1881.3941477029098,3039.047
B0006,363,1.4207006230355006,102,24,6,B0006,363,3012.0,3.417136929898869,3012.0,2.4007285025453995,-6.91773047793103e-05,-1887.3203611255858,3030.375
B0006,366,1.452255804330839,103,24,5,B0006,366,3020.11,3.4305347141293625,3020.11,2.472830716079143,-8.394688277418529e-05,-1931.46910609244,3021.0
B0006,370,1.431557632772571,104,24,4,B0006,370,3002.172000000006,3.425084418097284,3002.172000000006,2.467318928642863,-7.412967850773378e-05,-1899.2843045482944,3021.75
B0006,374,1.415015751158943,105,24,3,B0006,374,2992.703,3.417133986279293,2992.703,2.3692462667540997,-7.243873194908523e-05,-1880.9149506874855,3012.265
B0006,378,1.4097311506517451,106,24,2,B0006,378,2964.468,3.417521467040601,2964.468,2.4482618595124874,-6.800608528373113e-05,-1865.8374925791034,3002.641
B0006,382,1.404917318129309,107,24,1,B0006,382,2983.375,3.4181623236680387,2983.375,2.4598632768748825,-6.0726034898904575e-05,-1858.878929728448,3012.0
B0006,386,1.395164296571563,108,24,0,B0006,386,2975.297,3.420331935905121,2975.297,2.497869764845928,-5.717103936214315e-05,-1845.6375485340527,3020.11
B0052,0,0.8606591508342232,0,4,0,B0052,0,1713.235,3.1345339593998993,1713.235,2.691234036028442,6.819548066726517e-05,-1022.8160744987032,
B0044,2,1.686525555152074,0,22,49,B0044,2,3360.922,3.439679725636753,3360.922,2.6909422904080547,-0.00016055785382286576,-2234.5805227690635,
B0044,4,1.6624606531639186,1,22,48,B0044,4,3289.406,3.4528242393278124,3289.406,2.6852515353168815,-0.00017225905364734028,-2194.85984251308,
B0044,6,1.6534010755700512,2,22,47,B0044,6,3244.797,3.4521568195939873,3244.797,2.6435613323767395,-0.00017721969114006228,-2166.674976603625,
B0044,8,1.6452145903490936,3,22,46,B0044,8,3211.438,3.455225677052547,3211.438,2.6433677125804977,-0.00017967336877311864,-2147.397893288028,
B0044,10,1.635664062367341,4,22,45,B0044,10,3175.594,3.46367203011603,3175.594,2.684789036307898,-0.00018075921384243563,-2124.000257026384,
B0044,16,1.6267769765146463,5,22,44,B0044,16,3121.672,3.4680330762776066,3121.672,2.6725301429926103,-0.00018542465650298002,-2091.158870501184,3360.922
B0044,18,1.6159715504743064,6,22,43,B0044,18,3102.937,3.4679406316174877,3102.937,2.69384241497005,-0.00017368857838978078,-2062.7815076390184,3289.406
B0044,20,1.6076028386649623,7,22,42,B0044,20,3089.437,3.4651033311991837,3089.437,2.6763379244951913,-0.00016954081242692408,-2040.233900882909,3244.797
B0044,22,1.6003360401431612,8,22,41,B0044,22,3077.75,3.4638780520264913,3077.75,2.6678573050009757,-0.00016982388450580428,-2018.7443584304876,3211.438
B0044,26,1.5978700914991917,9,22,40,B0044,26,3074.875,3.4618790737027214,3074.875,2.651692148341609,-0.00016435599546911055,-2003.7252441211592,3175.594
B0044,28,1.5900310265163515,10,22,39,B0044,28,3061.891,3.4619567664351516,3061.891,2.638384304971687,-0.00016590148932634066,-1983.0232250855954,3121.672
B0044,30,1.5816311155652092,11,22,38,B0044,30,3058.469,3.4608461967292716,3058.469,2.633572972853497,-0.000159763037153564,-1961.4817267575645,3102.937
B0044,32,1.5714556311034702,12,22,37,B0044,32,3040.75,3.462773986667914,3040.75,2.670554577314724,-0.0001501474200857605,-1941.2632450570052,3089.437
B0044,34,1.563220798569978,13,22,36,B0044,34,3037.641,3.4614251658687185,3037.641,2.662418584963947,-0.00014430507748302107,-1919.602464953746,3077.75
B0044,38,1.5606775388245586,14,22,35,B0044,38,3044.828,3.459888006806987,3044.828,2.656737093913297,-0.0001394286665680882,-1904.9541125227709,3074.875
B0044,40,1.5523886011314287,15,22,34,B0044,40,3030.25,3.4592254642036453,3030.25,2.6456088379984415,-0.0001361652737900074,-1883.9634337384718,3061.891
B0044,42,1.5444592876561967,16,22,33,B0044,42,3017.578,3.4593787805674454,3017.578,2.657434360611611,-0.00013541785701091957,-1869.7250435337387,3058.469
B0044,44,1.536558134180655,17,22,32,B0044,44,3015.0,3.459474692359259,3015.0,2.6700448196473143,-0.00012726674296613575,-1848.6959161201808,3040.75
B0044,46,1.5307255867941072,18,22,31,B0044,46,2999.454,3.4577588847018537,2999.454,2.6538669632174807,-0.00012968105063296896,-1792.5940726915705,3037.641
B0044,50,1.545242808242328,19,22,30,B0044,50,3054.859,3.4604365465272604,3054.859,2.679338771098678,-0.00011801969418378804,-1841.8839421934981,3044.828
B0044,54,1.5397144491816253,20,22,29,B0044,54,3034.875,3.4673706320595814,3034.875,2.6880235920055937,-0.0001265973304284059,-1832.3994759903564,3030.25
B0044,56,1.5305357077773765,21,22,28,B0044,56,3030.0,3.4682443755783012,3030.0,2.687370056924405,-0.000123175345004885,-1812.241826144536,3017.578
B0044,58,1.5199735224097084,22,22,27,B0044,58,3011.781,3.466294469143065,3011.781,2.6893554366992016,-0.00012020440210403109,-1790.2233388979032,3015.0
B0044,60,1.5136629526844203,23,22,26,B0044,60,2990.25,3.459703422925143,2990.25,2.633690741780774,-0.00012565384916621636,-1773.356479022247,2999.454
B0044,62,1.5012870006992953,24,22,25,B0044,62,2980.234,3.4622130413589147,2980.234,2.6891582121304634,-0.000114552416528798,-1752.7229383913473,3054.859
B0044,66,1.5023814734911674,25,22,24,B0044,66,2994.844,3.462850573495555,2994.844,2.6829363216833317,-0.00011190820388652763,-1746.1096877671403,3034.875
B0044,68,1.4980955154277502,26,22,23,B0044,68,2987.672,3.462862471197368,2987.672,2.6587209985414955,-0.00011421849950374765,-1732.9224351756448,3030.0
B0044,70,1.4906542391377111,27,22,22,B0044,70,2975.1100000000006,3.4614145860859877,2975.1100000000006,2.660938360343116,-0.00011110767518102259,-1718.127252273312,3011.781
B0044,72,1.4843971639436213,28,22,21,B0044,72,2953.219,3.4567536825256324,2953.219,2.6382065057381183,-0.00011459027909948406,-1702.0835126478732,2990.25
B0044,74,1.4725321936230114,29,22,20,B0044,74,2955.484,3.4575966867532193,2955.484,2.6803751950872314,-9.838351201319727e-05,-1680.538922221732,2980.234
B0044,78,1.4663149382113208,30,22,19,B0044,78,2957.016,3.4563824255325124,2957.016,2.695456060678521,-9.170310570246394e-05,-1665.5416418711839,2994.844
B0044,80,1.4671298468877776,31,22,18,B0044,80,2948.219,3.455898543666276,2948.219,2.658317830680757,-9.919891563622788e-05,-1659.169447973694,2987.672
B0044,82,1.4593858997633138,32,22,17,B0044,82,2935.5,3.4536993651226657,2935.5,2.6504983510643836,-9.680115584994915e-05,-1644.1384859674247,2975.1100000000006
B0044,84,1.4467901368505207,33,22,16,B0044,84,2913.797000000006,3.452694653937278,2913.797000000006,2.688935729076874,-9.014013068291502e-05,-1622.1142554349426,2953.219
B0044,86,1.4390669859638228,34,22,15,B0044,86,2900.703,3.4494235583850785,2900.703,2.687761244178016,-8.584129433185146e-05,-1606.5230738856071,2955.484
B0044,90,1.4389892550462602,35,22,14,B0044,90,2914.031,3.4464363236508926,2914.031,2.668468130193828,-8.327016440297589e-05,-1597.9883006613936,2957.016
B0044,92,1.4386198779578576,36,22,13,B0044,92,2901.968,3.447035324752622,2901.968,2.6420564556682917,-9.09277933531933e-05,-1592.401887760029,2948.219
B0044,94,1.4313412096653504,37,22,12,B0044,94,2901.734,3.451080883804225,2901.734,2.6780728769094244,-8.514273433149469e-05,-1579.8340835663146,2935.5
B0044,96,1.422973037663468,38,22,11,B0044,96,2887.407,3.4504131617940264,2887.407,2.6917750634373303,-8.13814309100095e-05,-1565.3425298429004,2913.797000000006
B0044,98,1.4150153099745097,39,22,10,B0044,98,2861.937,3.4446894399022403,2861.937,2.68001440979752,-8.019010809749034e-05,-1548.8232489173379,2900.703
B0044,215,1.4779954511171076,40,4,9,B0044,215,5608.781,3.4385300122259888,5608.781,2.6987042664288663,-9.524178675323685e-05,-1491.645990364704,2914.031
B0044,219,1.494119871447679,41,4,8,B0044,219,5703.296,3.4576572257357188,5703.296,2.6902025456609366,-8.905923373152734e-05,-1510.7161615956788,2901.968
B0044,221,1.488007820113173,42,4,7,B0044,221,5668.032,3.455388721055787,5668.032,2.682194069736634,-8.76597821446872e-05,-1499.578943596156,2901.734
B0044,223,1.4748338592717107,43,4,6,B0044,223,5634.047,3.4533653250986034,5634.047,2.698791325109984,-8.195313359176392e-05,-1481.116084430017,2887.407
B0044,225,1.4604378044785566,44,4,5,B0044,225,5582.375,3.453376751794483,5582.375,2.6972261726105513,-8.626838741654891e-05,-1460.3562870025128,2861.937
B0044,227,1.452380841576719,45,4,4,B0044,227,5567.329,3.4460660596643393,5567.329,2.6816548421625512,-7.760374131303722e-05,-1446.7131326519034,5608.781
B0044,231,1.4411028883649861,46,4,3,B0044,231,5528.453,3.4382387035909545,5528.453,2.6758389635879234,-8.322561888103224e-05,-1426.1010072903425,5703.296
B0044,233,1.4300355978410688,47,4,2,B0044,233,5513.39,3.43852489590756,5513.39,2.6766750362925413,-7.860462935379778e-05,-1412.528761802229,5668.032
B0044,235,1.413943296719903,48,4,1,B0044,235,5486.187,3.436520229303437,5486.187,2.695622084623807,-6.674890149707091e-05,-1376.621414995357,5634.047
B0044,237,1.3972667497450317,49,4,0,B0044,237,5461.922,3.435202743052741,5461.922,2.6908429071948605,-5.820082381583288e-05,-1368.8084409260346,5582.375
B0039,32,1.7461791006389626,0,44,33,B0039,32,6375.828,3.646140672677008,6375.828,2.4987062304520014,-7.447752897853136e-05,-2302.019493106959,
B0039,36,1.7695250734505363,1,44,32,B0039,36,6574.671,3.643921867409371,6574.671,2.473002904156423,-7.433073813572583e-05,-2329.2378893612913,
B0039,38,1.7715391419501945,2,44,31,B0039,38,6571.156000000003,3.6463500592094693,6571.156000000003,2.4894344650176916,-7.443316220262248e-05,-2320.099349110418,
B0039,40,1.770625483958279,3,44,30,B0039,40,6569.11,3.6455854793956157,6569.11,2.473981445559395,-7.42741870524448e-05,-2305.035586804972,
B0039,42,1.7704040639447296,4,44,29,B0039,42,6558.75,3.6468115454863113,6558.75,2.4673788761032256,-7.426944429971988e-05,-2293.903924472926,
B0039,44,1.7695081788801759,5,44,28,B0039,44,6567.516,3.6451349051966417,6567.516,2.458737817987512,-7.420452842354698e-05,-2278.9918685543125,6375.828
B0039,48,1.7638356274269416,6,44,27,B0039,48,6430.172,3.6561026070574303,6430.172,2.4562277920171924,-7.372567909172811e-05,-2262.213265117067,6574.671
B0039,52,1.7715725869786123,7,44,26,B0039,52,6554.327999999994,3.6458870173477,6554.327999999994,2.4379313646643412,-7.402845223766361e-05,-2260.17537038078,6571.156000000003
B0039,54,1.7701196454489683,8,44,25,B0039,54,6560.922,3.645766068703999,6560.922,2.4476008226100348,-7.411543547594109e-05,-2249.723546284104,6569.11
B0039,56,1.7667569752860521,9,44,24,B0039,56,6559.047,3.6446971444610017,6559.047,2.467377500135635,-7.416922104181348e-05,-2235.5912267479493,6558.75
B0039,58,1.7648743629092642,10,44,23,B0039,58,6553.781,3.643834980413119,6553.781,2.457416820096295,-7.426098980626565e-05,-2223.8762056782366,6567.516
B0039,60,1.763838685943225,11,44,22,B0039,60,6540.187,3.6455211713700906,6540.187,2.4702283951852175,-7.448064946012924e-05,-2213.0896951338354,6430.172
B0039,64,1.7657225752056789,12,44,21,B0039,64,6535.922,3.644286750227156,6535.922,2.47756542534469,-7.425210085485159e-05,-2197.965185493928,6554.327999999994
B0039,66,1.7645632809383045,13,44,20,B0039,66,6544.078,3.6438395995465798,6544.078,2.480137502417058,-7.452329522699581e-05,-2190.9272648630963,6560.922
B0039,68,1.7608991948479125,14,44,19,B0039,68,6531.187,3.6432430775983122,6531.187,2.4411463439008707,-7.450262225642629e-05,-2179.160431030346,6559.047
B0039,70,1.7598362095817717,15,44,18,B0039,70,6528.562,3.6429596917730023,6528.562,2.4393843779206725,-7.47433249215959e-05,-2167.948232462752,6553.781
B0039,72,1.7590955400143164,16,44,17,B0039,72,6525.187,3.6431420009845072,6525.187,2.49689484054888,-7.467943928528567e-05,-2154.3682144761983,6540.187
B0039,76,1.7560495443976523,17,44,16,B0039,76,6515.938,3.6420393576004106,6515.938,2.465533668800099,-7.462579809893815e-05,-2145.4316816538285,6535.922
B0039,78,1.7571677199949287,18,44,15,B0039,78,6532.015,3.6405822186622343,6532.015,2.487866062972102,-7.477546631929823e-05,-2135.1124199338915,6544.078
B0039,80,1.7558911269459976,19,44,14,B0039,80,6527.922,3.640101281169698,6527.922,2.480376897645346,-7.492606723771868e-05,-2123.9358014213994,6531.187
B0039,82,1.7533419072229914,20,44,13,B0039,82,6519.328,3.63891384043192,6519.328,2.4235129554433494,-7.522421688831133e-05,-2115.4133420526614,6528.562
B0039,84,1.7506673845335168,21,44,12,B0039,84,6510.063,3.6390963886375602,6510.063,2.4421166575524973,-7.526099977155592e-05,-2104.451357981053,6525.187
B0039,88,1.7510006664162403,22,44,11,B0039,88,6501.718,3.639310178523213,6501.718,2.48916723023537,-7.502673654948553e-05,-2093.360343885957,6515.938
B0039,90,1.7496058853847873,23,44,10,B0039,90,6509.047,3.6382966465278597,6509.047,2.486277943958813,-7.535744936092497e-05,-2082.451468348132,6532.015
B0039,92,1.7477359172183355,24,44,9,B0039,92,6502.438,3.636819218736882,6502.438,2.4621592876012923,-7.558453473985033e-05,-2070.9021852293577,6527.922
B0039,94,1.7444225468099093,25,44,8,B0039,94,6502.047,3.6348467254711796,6502.047,2.419307605326947,-7.565577989661935e-05,-2062.780728502737,6519.328
B0039,96,1.743308366083936,26,44,7,B0039,96,6498.86,3.635905813888797,6498.86,2.498091152649448,-7.579846006606423e-05,-2049.2611296510627,6510.063
B0039,100,1.6556691733888471,27,44,6,B0039,100,3162.047,3.470841442961558,3162.047,2.4729033909981424,-0.00022229448799924057,-1855.6924724825863,6501.718
B0039,104,1.64297669457593,28,44,5,B0039,104,3173.141,3.471730726762605,3173.141,2.482404434239833,-0.0002253337845551545,-1836.2095811323845,6509.047
B0039,106,1.6343822729361266,29,44,4,B0039,106,3169.844,3.4700659528131177,3169.844,2.4529055944220666,-0.00022780945766086245,-1821.915431074653,6502.438
B0039,108,1.6265067062165601,30,44,3,B0039,108,3156.563,3.468937839466872,3156.563,2.442965370421763,-0.00022955483988862076,-1807.2509024372869,6502.047
B0039,110,1.618865991735961,31,44,2,B0039,110,3155.047,3.4681155774919254,3155.047,2.450251182214539,-0.00023126203757504687,-1792.9256233024632,6498.86
B0039,112,1.6114968339209264,32,44,1,B0039,112,3142.312,3.4670771557380933,3142.312,2.447037438010891,-0.0002329015926015192,-1778.3935145142443,3162.047
B0039,116,1.3240805773461226,33,44,0,B0039,116,1485.047,3.2199500199575737,1485.047,2.4740907394153795,9.607566876999329e-05,-1330.2574981836551,3173.141
B0038,0,0.8980573709676724,0,24,0,B0038,0,982.938,2.883239659655731,982.938,2.1981645845929387,,-1175.6437092720673,
B0042,2,1.7287126633755356,0,22,56,B0042,2,3360.922,3.4614155612128865,3360.922,2.129158438168119,-0.0001507736968330595,-2362.616877094594,
B0042,4,1.7314706281853145,1,22,55,B0042,4,3289.406,3.4852386922159133,3289.406,2.1712317301519577,-0.00015462182353483578,-2339.7930288141997,
B0042,6,1.7282350363146088,2,22,54,B0042,6,3244.797,3.4886501469968545,3244.797,2.0952902803723332,-0.00015652188203015685,-2318.007398791537,
B0042,8,1.720344742291621,3,22,53,B0042,8,3211.438,3.4946031502677606,3211.438,2.1366970037230573,-0.00015702419041359043,-2298.6646090820195,
B0042,10,1.7221734367707637,4,22,52,B0042,10,3175.594,3.5041466859903743,3175.594,2.168073033459323,-0.00015787271284703686,-2280.8650348686133,
B0042,16,1.708669577331945,5,22,51,B0042,16,3121.672,3.5119272359567746,3121.672,2.139145470034486,-0.00015991265454615378,-2246.055610494327,3360.922
B0042,18,1.7036476485918646,6,22,50,B0042,18,3102.937,3.509889497883844,3102.937,2.0578186631112567,-0.00016146399461539673,-2222.2723036224625,3289.406
B0042,20,1.6958375743577971,7,22,49,B0042,20,3089.437,3.508503301766946,3089.437,2.0659696365057045,-0.00016255547882016187,-2200.1557349355353,3244.797
B0042,22,1.6949064846676911,8,22,48,B0042,22,3077.75,3.509373848655514,3077.75,2.1287000635251876,-0.00016351237826630312,-2179.533784046905,3211.438
B0042,26,1.6874768094352455,9,22,47,B0042,26,3074.875,3.5046118772654116,3074.875,2.0313187007109774,-0.00016374611864873083,-2162.51833584522,3175.594
B0042,28,1.685989172917945,10,22,46,B0042,28,3061.891,3.509504949021922,3061.891,2.1649043558777703,-0.00016564738298072113,-2144.4963652383253,3121.672
B0042,30,1.6782864747774933,11,22,45,B0042,30,3058.469,3.505007993364287,3058.469,2.0349571700229223,-0.00016672062469986774,-2127.681263455354,3102.937
B0042,32,1.6739647640901527,12,22,44,B0042,32,3040.75,3.508074728787426,3040.75,2.181544114739576,-0.00016762176557322757,-2108.164911432209,3089.437
B0042,34,1.6722378801237066,13,22,43,B0042,34,3037.641,3.505745200469689,3037.641,2.113769860085841,-0.00016854139263075768,-2092.8582526050695,3077.75
B0042,38,1.6759897900491967,14,22,42,B0042,38,3044.828,3.5048985290607786,3044.828,2.098421577709346,-0.00016906758888303314,-2085.1309153396173,3074.875
B0042,40,1.6618247672847988,15,22,41,B0042,40,3030.25,3.5020910209596554,3030.25,2.037616415551784,-0.00017072655324156582,-2062.3336696040815,3061.891
B0042,42,1.6606710352566112,16,22,40,B0042,42,3017.578,3.5056874475759345,3017.578,2.187174985653482,-0.00017143320707922554,-2050.498677387496,3058.469
B0042,44,1.6530644874507203,17,22,39,B0042,44,3015.0,3.5017895249825077,3015.0,2.072733153164181,-0.00017311272554614983,-2034.0094884397677,3040.75
B0042,46,1.649953986270456,18,22,38,B0042,46,2999.454,3.502583397680059,2999.454,2.153538168709435,-0.0001742054153459641,-1971.144598112926,3037.641
B0042,50,1.681297805444492,19,22,37,B0042,50,3054.859,3.5037983873679273,3054.859,2.0832977472531726,-0.00016933682947657824,-2042.274148000757,3044.828
B0042,54,1.6700520424481298,20,22,36,B0042,54,3034.875,3.512523395065814,3034.875,2.199482829433638,-0.00017044895774483794,-2026.3104766396089,3030.25
B0042,56,1.667181860354792,21,22,35,B0042,56,3030.0,3.509324438333479,3030.0,2.053610599291471,-0.00017233413308501345,-2010.2940424612868,3017.578
B0042,58,1.6568865613275168,22,22,34,B0042,58,3011.781,3.5072165254115713,3011.781,2.0842633816547624,-0.00017418062867177272,-1987.8562007406383,3015.0
B0042,60,1.6449819446579936,23,22,33,B0042,60,2990.25,3.5055185795629855,2990.25,2.1599889328107214,-0.0001758146307470351,-1965.9407891585458,2999.454
B0042,62,1.639214585000014,24,22,32,B0042,62,2980.234,3.504132817164544,2980.234,2.1678081694534352,-0.0001759346163844329,-1951.0185324078025,3054.859
B0042,66,1.6410599890208055,25,22,31,B0042,66,2994.844,3.5005973952624823,2994.844,2.0092759412003707,-0.0001761844694188497,-1949.0252652810773,3034.875
B0042,68,1.6432696512198481,26,22,30,B0042,68,2987.672,3.5042529973432024,2987.672,2.0586265993400703,-0.00017753752525821598,-1937.0608953387184,3030.0
B0042,70,1.6298673102402295,27,22,29,B0042,70,2975.1100000000006,3.5012786593988174,2975.1100000000006,2.043267705708337,-0.0001793970870493624,-1921.1825285969098,3011.781
B0042,72,1.6238536344658807,28,22,28,B0042,72,2953.219,3.5014310665562087,2953.219,2.1921151659229676,-0.00018136372030594605,-1900.1794207590242,2990.25
B0042,74,1.6186308887044174,29,22,27,B0042,74,2955.484,3.493499361679633,2955.484,2.009457332273357,-0.00018307614620389663,-1888.7457958409764,2980.234
B0042,78,1.6193418112441196,30,22,26,B0042,78,2957.016,3.4919284889906437,2957.016,2.022898050960585,-0.00018354876302451918,-1880.8038629959062,2994.844
B0042,80,1.614593271326993,31,22,25,B0042,80,2948.219,3.4957274527798234,2948.219,2.0786601580627257,-0.00018405080525618514,-1869.0839211698287,2987.672
B0042,82,1.6072040891927848,32,22,24,B0042,82,2935.5,3.491932625000708,2935.5,2.0245603644426806,-0.00018689345383568349,-1852.8600632257064,2975.1100000000006
B0042,84,1.6012663590062357,33,22,23,B0042,84,2913.797000000006,3.4900059195673454,2913.797000000006,2.1378818450405794,-0.00018972929219110098,-1830.744772855131,2953.219
B0042,86,1.5940407410631041,34,22,22,B0042,86,2900.703,3.4877605772116023,2900.703,2.1834760399486535,-0.00019113837053614562,-1815.5927232266952,2955.484
B0042,90,1.5946888289374477,35,22,21,B0042,90,2914.031,3.4820338003810947,2914.031,2.0156684625826635,-0.00019095056739042922,-1812.4418778680117,2957.016
B0042,92,1.5882100957302596,36,22,20,B0042,92,2901.968,3.4857768989088562,2901.968,2.0632481862122884,-0.00019069575582926403,-1800.6243308333912,2948.219
B0042,94,1.587985558077698,37,22,19,B0042,94,2901.734,3.484962036012868,2901.734,1.9973214087149431,-0.00019216035569297229,-1793.1933438677897,2935.5
B0042,96,1.5799165406650344,38,22,18,B0042,96,2887.407,3.483959694653678,2887.407,2.040034213071634,-0.0001940192104341493,-1778.6112507039327,2913.797000000006
B0042,98,1.5655946193652834,39,22,17,B0042,98,2861.937,3.4795948906133845,2861.937,2.11763338483894,-0.00019795872720578545,-1755.325743936757,2900.703
B0042,215,1.4377344766079456,40,4,16,B0042,215,5608.781,3.3758331710381175,5608.781,2.1679616860507585,-0.00010820852151473593,-1487.121762527302,2914.031
B0042,219,1.5246019289244055,41,4,15,B0042,219,5703.296,3.425012534921163,5703.296,2.1808501795778437,-0.00011389736171496451,-1577.6497794122283,2901.968
B0042,221,1.5215273965539478,42,4,14,B0042,221,5668.032,3.427812476893313,5668.032,2.148712088809679,-0.00011392306132520376,-1571.0072151242882,2901.734
B0042,223,1.5155323631175952,43,4,13,B0042,223,5634.047,3.426023627609225,5634.047,2.126630218048744,-0.00011714371792853615,-1559.295393634721,2887.407
B0042,225,1.5044249661534554,44,4,12,B0042,225,5582.375,3.4271379640174557,5582.375,2.177720591678305,-0.00012075059650882811,-1541.870129501985,2861.937
B0042,227,1.5001507149498807,45,4,11,B0042,227,5567.329,3.4224753028836994,5567.329,2.1738551413791023,-0.00012014009879819906,-1532.9534217300559,5608.781
B0042,231,1.489011227320312,46,4,10,B0042,231,5528.453,3.4137666152192327,5528.453,2.1739453453589515,-0.00012259476831996026,-1511.8648147901974,5703.296
B0042,233,1.4810149357562845,47,4,9,B0042,233,5513.39,3.4152846613947174,5513.39,2.1496986936751377,-0.00012519268656313373,-1505.5778080712269,5668.032
B0042,235,1.476262027748574,48,4,8,B0042,235,5486.187,3.411339830211173,5486.187,2.1308714510516316,-0.0001281817867701031,-1476.3182550682614,5634.047
B0042,237,1.4662551025438961,49,4,7,B0042,237,5461.922,3.406171736681636,5461.922,2.1249846428522594,-0.00012538068489157994,-1477.6085890696736,5582.375
B0042,239,1.4593282593817019,50,4,6,B0042,239,5438.157,3.4040611072806466,5438.157,2.124079082604729,-0.00012825721486175372,-1466.3268518387551,5567.329
B0042,243,1.445704157754381,51,4,5,B0042,243,5402.875,3.3920891926927395,5402.875,2.157698091133544,-0.00013073352005328736,-1447.5630529157786,5528.453
B0042,245,1.4400686089389023,52,4,4,B0042,245,5384.438,3.396207267678133,5384.438,2.128860427750212,-0.00012700434096470033,-1438.9486885600095,5513.39
B0042,247,1.4290313659547842,53,4,3,B0042,247,5344.859,3.3958270656297254,5344.859,2.162828573021361,-0.00012841802640912265,-1425.2788441177697,5486.187
B0042,249,1.414172188151386,54,4,2,B0042,249,5305.156,3.3924931276502392,5305.156,2.1882897882574714,-0.00012947974180818728,-1410.2353054086575,5461.922
B0042,251,1.415603079129078,55,4,1,B0042,251,5284.547,3.389283502389413,5284.547,2.1285029465259013,-0.00013941166938109614,-1398.6502211885609,5438.157
B0042,255,1.3994410223300702,56,4,0,B0042,255,5267.843,3.377876069069321,5267.843,2.158726692822152,-0.000130864509802776,-1383.569503569406,5402.875
B0049,0,0.8583727215167135,0,4,0,B0049,0,1713.235,3.0533669889816424,1713.235,1.9925401284554691,-0.002360061360347165,-1109.3645705464771,
