giao_thuc,bo_nhom,so_cot,RMSE,RMSE_te_nhat,tang_RMSE
xáo trộn,(không bỏ gì),167,1.8875238114991997,1.8875238114991997,0.0
xáo trộn,Chênh lệch cell,150,1.8982193756514385,1.8982193756514385,0.010695564152238823
xáo trộn,Cực trị cell,143,1.9110429187813207,1.9110429187813207,0.023519107282121032
xáo trộn,Dòng sạc,145,1.9409552281848976,1.9409552281848976,0.05343141668569795
xáo trộn,Nhiệt độ,141,1.9424213279314742,1.9424213279314742,0.054897516432274474
xáo trộn,SOC,161,1.9933641405053368,1.9933641405053368,0.10584032900613716
xáo trộn,Điện trở,165,1.9062405771705306,1.9062405771705306,0.01871676567133096
xáo trộn,Điện áp,130,1.929206705255096,1.929206705255096,0.0416828937558964
xáo trộn,Đường cong IC,157,1.8998123227563068,1.8998123227563068,0.01228851125710717
xáo trộn,Độ dốc,144,1.938886746182996,1.938886746182996,0.05136293468379627
đổi xe,(không bỏ gì),167,2.108484064887249,3.2615825100573423,0.0
đổi xe,Chênh lệch cell,150,2.1698405635154807,3.5238075651946494,0.06135649862823156
đổi xe,Cực trị cell,143,2.115392399191961,3.2765808451928815,0.006908334304712049
đổi xe,Dòng sạc,145,2.1906993702523536,3.3524115230094864,0.08221530536510446
đổi xe,Nhiệt độ,141,2.1703398780765,3.2771236197662392,0.06185581318925104
đổi xe,SOC,161,2.2023022020858454,3.337673148757801,0.09381813719859622
đổi xe,Điện trở,165,2.1183190270738708,3.3167434493084658,0.00983496218662161
đổi xe,Điện áp,130,2.1301213359216478,3.2760950552288897,0.02163727103439861
đổi xe,Đường cong IC,157,2.1315879926215637,3.2839495199884627,0.023103927734314578
đổi xe,Độ dốc,144,2.159330587736222,3.3337776808232715,0.05084652284897295
