giao_thuc,model,fold,bao_phu,do_rong
xáo trộn,Trung bình,0,0.9089745640697489,20.490838954602935
xáo trộn,BMS thô,0,0.9024156135018397,36.581628518972536
xáo trộn,BMS hiệu chỉnh,0,0.9038553831386978,19.105782978373554
xáo trộn,Ridge,0,0.9068948968165094,9.285862084280666
xáo trộn,Elastic net,0,0.9036954087346024,9.53578364955905
xáo trộn,Rừng ngẫu nhiên,0,0.910894256918893,7.111742794344735
xáo trộn,XGBoost,0,0.9086546152615581,6.001070761686833
xáo trộn,Mạng nơ ron,0,0.9116941289393697,7.146785096914442
xáo trộn,Trung bình,1,0.9022556390977443,20.245426601424924
xáo trộn,BMS thô,1,0.8864181730923052,36.226953727974745
xáo trộn,BMS hiệu chỉnh,1,0.8945768677011678,18.92248498593051
xáo trộn,Ridge,1,0.891857302831547,9.384632551027607
xáo trộn,Elastic net,1,0.8891377379619261,9.61975457529283
xáo trộn,Rừng ngẫu nhiên,1,0.8908974564069749,6.836429210860672
xáo trộn,XGBoost,1,0.8913773796192609,5.821128073827026
xáo trộn,Mạng nơ ron,1,0.8907374820028795,6.68270575789137
xáo trộn,Trung bình,2,0.8977763557830747,20.114380431998597
xáo trộn,BMS thô,2,0.9043353063509838,36.549003728876016
xáo trộn,BMS hiệu chỉnh,2,0.8995360742281235,18.83353624652483
xáo trộn,Ridge,2,0.8993760998240281,9.272393720621238
xáo trộn,Elastic net,2,0.9009758438649816,9.53535847325324
xáo trộn,Rừng ngẫu nhiên,2,0.9028955367141257,6.940497185170017
xáo trộn,XGBoost,2,0.9028955367141257,5.8119780787690445
xáo trộn,Mạng nơ ron,2,0.8966565349544073,6.735549759282804
đổi xe,Trung bình,1,0.900375939849624,20.526512197672076
đổi xe,BMS thô,1,0.9724310776942355,37.448775559209764
đổi xe,BMS hiệu chỉnh,1,0.9404761904761905,19.52448399106541
đổi xe,Ridge,1,0.943609022556391,9.345679546421678
đổi xe,Elastic net,1,0.9273182957393483,9.384143978541061
đổi xe,Rừng ngẫu nhiên,1,0.9373433583959899,6.438690018339912
đổi xe,XGBoost,1,0.9266917293233082,5.541467711833576
đổi xe,Mạng nơ ron,1,0.9285714285714286,6.4959491355748185
đổi xe,Trung bình,2,0.9589963280293757,20.61342684150941
đổi xe,BMS thô,2,0.9467564259485924,37.03349866959064
đổi xe,BMS hiệu chỉnh,2,0.9675642594859241,19.58771694086846
đổi xe,Ridge,2,0.9063647490820074,9.528238324208928
đổi xe,Elastic net,2,0.9008567931456548,9.686268342765203
đổi xe,Rừng ngẫu nhiên,2,0.9118727050183598,6.783148423242011
đổi xe,XGBoost,2,0.9075887392900857,5.921650227417786
đổi xe,Mạng nơ ron,2,0.9241126070991432,6.248239071769348
đổi xe,Trung bình,3,0.9226342710997443,19.7697710849923
đổi xe,BMS thô,3,0.9008951406649617,36.33683401416113
đổi xe,BMS hiệu chỉnh,3,0.9245524296675192,18.74940532949671
đổi xe,Ridge,3,0.8945012787723785,8.813366733015044
đổi xe,Elastic net,3,0.9162404092071611,9.393596981237067
đổi xe,Rừng ngẫu nhiên,3,0.940537084398977,6.837073803407634
đổi xe,XGBoost,3,0.9232736572890026,5.872633085854005
đổi xe,Mạng nơ ron,3,0.909846547314578,6.661542312457868
đổi xe,Trung bình,4,0.9428746928746928,19.727166485348334
đổi xe,BMS thô,4,0.9754299754299754,36.307560334792385
đổi xe,BMS hiệu chỉnh,4,0.980958230958231,18.669991038331233
đổi xe,Ridge,4,0.9146191646191646,8.872881730057173
đổi xe,Elastic net,4,0.9164619164619164,9.40217320855254
đổi xe,Rừng ngẫu nhiên,4,0.9355036855036855,6.464940754331167
đổi xe,XGBoost,4,0.9281326781326781,5.5993307860453285
đổi xe,Mạng nơ ron,4,0.9164619164619164,6.494227412662781
đổi xe,Trung bình,5,0.9348370927318296,20.150875379411886
đổi xe,BMS thô,5,0.9981203007518797,37.48265112343995
đổi xe,BMS hiệu chỉnh,5,0.9642857142857143,19.35978989055198
đổi xe,Ridge,5,0.9385964912280702,9.709909480918725
đổi xe,Elastic net,5,0.9467418546365914,10.011144668156874
đổi xe,Rừng ngẫu nhiên,5,0.9674185463659147,7.166663288360667
đổi xe,XGBoost,5,0.9486215538847118,6.04606573834576
đổi xe,Mạng nơ ron,5,0.9279448621553885,7.222912976777479
đổi xe,Trung bình,6,0.9345734445157152,20.474429710467078
đổi xe,BMS thô,6,0.8646568313021168,36.442548188320586
đổi xe,BMS hiệu chỉnh,6,0.8928800513149455,18.796361116673296
đổi xe,Ridge,6,0.9108402822322001,9.315850667942726
đổi xe,Elastic net,6,0.9031430404105195,9.504529806161543
đổi xe,Rừng ngẫu nhiên,6,0.9153303399615138,6.676766013426118
đổi xe,XGBoost,6,0.9159717767799872,5.735103898413456
đổi xe,Mạng nơ ron,6,0.9159717767799872,6.8538119644289
đổi xe,Trung bình,7,0.9342359767891683,19.66231110051683
đổi xe,BMS thô,7,0.9297227595099935,36.02983944348523
đổi xe,BMS hiệu chỉnh,7,0.9606705351386202,18.696954296151546
đổi xe,Ridge,7,0.938749194068343,9.259690072035312
đổi xe,Elastic net,7,0.9406834300451322,9.507874852559127
đổi xe,Rừng ngẫu nhiên,7,0.9187620889748549,6.464578903298275
đổi xe,XGBoost,7,0.9194068343004513,5.9029116982816845
đổi xe,Mạng nơ ron,7,0.9090909090909091,6.080878738668247
đổi xe,Trung bình,8,0.9041614123581336,19.99133511872205
đổi xe,BMS thô,8,0.8442622950819673,36.06550398277611
đổi xe,BMS hiệu chỉnh,8,0.8764186633039092,18.738540575258895
đổi xe,Ridge,8,0.8997477931904161,9.424346605076863
đổi xe,Elastic net,8,0.8846153846153846,9.615660650476087
đổi xe,Rừng ngẫu nhiên,8,0.8852459016393442,6.886780537966075
đổi xe,XGBoost,8,0.8839848675914249,6.142406066327339
đổi xe,Mạng nơ ron,8,0.8556116015132409,7.379799293752683
đổi xe,Trung bình,9,0.6660527931246163,19.52091057843262
đổi xe,BMS thô,9,0.7047268262737876,35.33072263845929
đổi xe,BMS hiệu chỉnh,9,0.6464088397790055,18.448411493196005
đổi xe,Ridge,9,0.7237569060773481,8.63518217339157
đổi xe,Elastic net,9,0.7280540208717005,9.055689727991023
đổi xe,Rừng ngẫu nhiên,9,0.6973603437691835,6.366790021897856
đổi xe,XGBoost,9,0.7341927562922038,5.540605024126819
đổi xe,Mạng nơ ron,9,0.7888275015346838,7.746295574597497
đổi xe,Trung bình,10,0.9468488990129081,20.32295807458233
đổi xe,BMS thô,10,0.9840546697038725,36.93399082747857
đổi xe,BMS hiệu chỉnh,10,0.9863325740318907,19.01171901446378
đổi xe,Ridge,10,0.8678815489749431,9.404247860889399
đổi xe,Elastic net,10,0.8618071374335611,9.598978315869601
đổi xe,Rừng ngẫu nhiên,10,0.85041761579347,6.3850678568851436
đổi xe,XGBoost,10,0.8694001518602885,5.796425598240091
đổi xe,Mạng nơ ron,10,0.8709187547456341,6.87706468865747
đổi xe,Trung bình,11,0.9036375239310785,20.422010627975197
đổi xe,BMS thô,11,0.9221442246330568,37.21610865945371
đổi xe,BMS hiệu chỉnh,11,0.8985322271857051,19.287585848448458
đổi xe,Ridge,11,0.8091895341416719,8.934395789786691
đổi xe,Elastic net,11,0.8238672622846203,9.28879325431538
đổi xe,Rừng ngẫu nhiên,11,0.8583280153158902,6.494773193235915
đổi xe,XGBoost,11,0.8774728781110402,5.653626933066448
đổi xe,Mạng nơ ron,11,0.8615188257817485,6.325637567949968
đổi xe,Trung bình,12,0.904397705544933,20.61675464243973
đổi xe,BMS thô,12,0.9375398342893563,36.94812731574487
đổi xe,BMS hiệu chỉnh,12,0.9330783938814532,19.20355918958444
đổi xe,Ridge,12,0.8884639898024219,9.53586826727198
đổi xe,Elastic net,12,0.8859145952836202,9.904371551174535
đổi xe,Rừng ngẫu nhiên,12,0.8444869343530912,6.457692318434567
đổi xe,XGBoost,12,0.868706182281708,5.68260296957385
đổi xe,Mạng nơ ron,12,0.8776290630975143,6.896735802469578
đổi xe,Trung bình,13,0.9447403462050599,20.253200779987537
đổi xe,BMS thô,13,0.9593874833555259,36.16472222222228
đổi xe,BMS hiệu chỉnh,13,0.9806924101198402,18.936618396017735
đổi xe,Ridge,13,0.8282290279627164,9.132190069247855
đổi xe,Elastic net,13,0.8162450066577897,9.369360548083051
đổi xe,Rừng ngẫu nhiên,13,0.8515312916111851,6.771950778711897
đổi xe,XGBoost,13,0.8575233022636485,5.695407825896353
đổi xe,Mạng nơ ron,13,0.8728362183754993,6.573774965073369
đổi xe,Trung bình,14,0.9384993849938499,20.351583535269157
đổi xe,BMS thô,14,0.9366543665436654,36.91884440397348
đổi xe,BMS hiệu chỉnh,14,0.9520295202952029,19.293453245221684
đổi xe,Ridge,14,0.9329643296432965,9.322557469010974
đổi xe,Elastic net,14,0.9268142681426814,9.383237682943701
đổi xe,Rừng ngẫu nhiên,14,0.9261992619926199,6.792067165556233
đổi xe,XGBoost,14,0.8856088560885609,5.6786201895254464
đổi xe,Mạng nơ ron,14,0.8819188191881919,6.251377117066767
đổi xe,Trung bình,15,0.9356768885564697,20.686103920562346
đổi xe,BMS thô,15,0.8930441286462228,36.140468232561744
đổi xe,BMS hiệu chỉnh,15,0.9207180254300673,18.913926639141778
đổi xe,Ridge,15,0.9431563201196709,9.709845967842625
đổi xe,Elastic net,15,0.9409124906507106,9.754256405056793
đổi xe,Rừng ngẫu nhiên,15,0.9431563201196709,6.788853134505615
đổi xe,XGBoost,15,0.9379207180254301,5.73037743410282
đổi xe,Mạng nơ ron,15,0.9356768885564697,6.889755929780108
đổi xe,Trung bình,16,0.9266109785202864,20.2781728983405
đổi xe,BMS thô,16,0.9952267303102625,37.882795897928986
đổi xe,BMS hiệu chỉnh,16,0.9719570405727923,19.411019967465705
đổi xe,Ridge,16,0.9295942720763724,9.69700162449135
đổi xe,Elastic net,16,0.9379474940334129,10.10058802894622
đổi xe,Rừng ngẫu nhiên,16,0.9343675417661098,6.844448769137756
đổi xe,XGBoost,16,0.9033412887828163,5.757797434048712
đổi xe,Mạng nơ ron,16,0.9093078758949881,6.612095605624063
đổi xe,Trung bình,17,0.9267624914442163,19.724766996682845
đổi xe,BMS thô,17,0.8788501026694046,36.73398138654201
đổi xe,BMS hiệu chỉnh,17,0.8856947296372347,18.633826433637495
đổi xe,Ridge,17,0.917180013689254,9.164168731284235
đổi xe,Elastic net,17,0.917864476386037,9.389487481955825
đổi xe,Rừng ngẫu nhiên,17,0.9082819986310746,6.744161346261421
đổi xe,XGBoost,17,0.91854893908282,5.797086411141379
đổi xe,Mạng nơ ron,17,0.9007529089664613,6.802293294156186
đổi xe,Trung bình,18,0.8471801091570649,19.8100554440461
đổi xe,BMS thô,18,0.7847180109157065,36.08676323215809
đổi xe,BMS hiệu chỉnh,18,0.7762280169799879,18.629292730491215
đổi xe,Ridge,18,0.8829593693147362,9.115984165510895
đổi xe,Elastic net,18,0.897513644633111,9.494797685382053
đổi xe,Rừng ngẫu nhiên,18,0.8295936931473621,6.592777101954027
đổi xe,XGBoost,18,0.8289872650090965,5.544887457117426
đổi xe,Mạng nơ ron,18,0.8544572468162522,6.8223058852013025
đổi xe,Trung bình,19,0.8952321204516939,20.382829437878257
đổi xe,BMS thô,19,0.8431618569636136,35.90116166894458
đổi xe,BMS hiệu chỉnh,19,0.8318695106649937,18.64346533263648
đổi xe,Ridge,19,0.9040150564617315,9.231410587849666
đổi xe,Elastic net,19,0.9040150564617315,9.408181240877298
đổi xe,Rừng ngẫu nhiên,19,0.8971141781681304,6.6071766776835545
đổi xe,XGBoost,19,0.8946047678795483,5.717603888204195
đổi xe,Mạng nơ ron,19,0.9008782936010038,6.463322548254581
đổi xe,Trung bình,20,0.7369727047146402,19.97721032817725
đổi xe,BMS thô,20,0.7779156327543424,35.94495831912786
đổi xe,BMS hiệu chỉnh,20,0.7524813895781638,18.73876251515
đổi xe,Ridge,20,0.8635235732009926,9.295118327682303
đổi xe,Elastic net,20,0.8666253101736973,9.54565736611454
đổi xe,Rừng ngẫu nhiên,20,0.7915632754342432,6.624670825085104
đổi xe,XGBoost,20,0.825062034739454,5.700611043294174
đổi xe,Mạng nơ ron,20,0.8777915632754343,7.410333437743219
đổi thời kỳ,Trung bình,0,0.6210206366981283,22.104231755975533
đổi thời kỳ,BMS thô,0,0.019996800511918093,24.04122011068533
đổi thời kỳ,BMS hiệu chỉnh,0,0.043353063509838426,18.267197674020622
đổi thời kỳ,Ridge,0,0.8656215005599104,13.458267683923594
đổi thời kỳ,Elastic net,0,0.8489841625339946,13.843927093910338
đổi thời kỳ,Rừng ngẫu nhiên,0,0.49768037114061753,11.768417247887584
đổi thời kỳ,XGBoost,0,0.5203967365221565,10.201998233570805
đổi thời kỳ,Mạng nơ ron,0,0.7733162693968965,10.157911446871196
