dac_trung,cum
soc_lo,74
soc_hi,74
soc_span,2
vcell_p0,74
vcell_p1,74
vcell_p2,74
vcell_p3,74
vcell_p4,74
vcell_p5,74
vcell_p6,74
vcell_p7,74
vcell_p8,74
vcell_p9,74
vcell_p10,74
spread_p0,14
spread_p2,82
spread_p5,85
spread_p8,17
spread_p10,18
dv_q0,19
dv_q1,96
dv_q2,97
dv_q3,22
dv_q4,23
vmax_p0,74
vmin_p0,74
vmax_p5,74
vmin_p5,74
vmax_p10,74
vmin_p10,74
tmax_start,126
tmax_end,126
tmin_start,126
tmin_end,126
tmax_rise,135
tgrad_mean,35
i_mean,152
i_std,153
i_max,157
i_end,141
v_start,74
v_end,74
v_range,164
soc_mid,74
soc_lo_dist,44
soc_hi_dist,45
vcell_f1,74
vcell_f3,74
vcell_f5,74
vcell_f7,74
vcell_f9,74
vcell_f11,74
vcell_f13,74
vcell_f15,74
vcell_f17,74
vcell_f19,74
vcell_mean,74
vcell_std,164
vcell_skew,161
vcell_kurt,162
vcell_min,74
vcell_max,74
vcell_range,164
vmax_a1,74
vmin_a1,74
vmax_a2,74
vmin_a2,74
vmax_a3,74
vmin_a3,74
vmax_a4,74
vmin_a4,74
vmax_a6,74
vmin_a6,74
vmax_a7,74
vmin_a7,74
vmax_a8,74
vmin_a8,74
vmax_a9,74
vmin_a9,74
vmax_headroom,74
vmin_headroom,74
spread_a1,82
spread_a3,82
spread_a4,85
spread_a6,85
spread_a7,85
spread_a9,86
spread_mean,87
spread_std,88
spread_skew,89
spread_kurt,90
spread_max,91
spread_growth,92
dv_d0,93
dv_d1,94
dv_d2,96
dv_d3,96
dv_d4,97
dv_d5,98
dv_d6,99
dv_d7,100
dv_d8,101
dv_d9,102
d2v_q0,103
d2v_q1,104
d2v_q2,105
d2v_q3,106
dv_max,107
dv_min,108
dv_argmax,109
dv_area,164
ic_b0,111
ic_b1,112
ic_b2,113
ic_b3,114
ic_b4,115
ic_b5,116
ic_b6,117
ic_b7,118
ic_b8,119
ic_b9,120
tmax_a2,126
tmin_a2,126
tmax_a5,126
tmin_a5,126
tmax_a8,126
tmin_a8,126
tmax_mean,126
tmax_std,135
tmax_skew,129
tmax_kurt,130
tmin_mean,126
tmin_std,135
tmin_skew,133
tmin_kurt,134
tmin_rise,135
tgrad_start,136
tgrad_end,137
tgrad_max,138
tmax_peak,126
tmin_trough,126
i_min,141
i_first,156
i_q10,143
i_q25,144
i_q50,145
i_q75,157
i_q90,157
i_range,148
i_taper,149
c_rate,152
i_slope,151
iamp_mean,152
iamp_std,153
iamp_skew,154
iamp_kurt,155
i_a0,156
i_a5,157
i_a10,158
vpack_mean,74
vpack_std,164
vpack_skew,161
vpack_kurt,162
v_mid,74
v_slope,164
r_proxy,165
r_proxy_end,166
