giao_thuc,model,fold,RMSE,MAE,MAPE,R2
xáo trộn,Trung bình,0,6.070305972076008,4.8929735316193605,3.9901943624484173,-0.00013217708897572678
xáo trộn,BMS thô,0,9.295898103965493,6.499999613863482,5.481407460452356,-1.3454109312996247
xáo trộn,BMS hiệu chỉnh,0,5.7334406581786554,4.502799469795451,3.6986865920603478,0.1077904254207942
xáo trộn,Ridge,0,2.976229953389718,2.161966547545622,1.7767841671977098,0.7595807698535114
xáo trộn,Elastic net,0,3.046934185937354,2.2333551040895183,1.8353283158362959,0.7480221402544616
xáo trộn,Rừng ngẫu nhiên,0,2.2716707623373544,1.5216517939552074,1.2594628944661637,0.8599358427032924
xáo trộn,XGBoost,0,1.9412237226760432,1.3183157915997108,1.0885049842556755,0.8977207780424135
xáo trộn,Mạng nơ ron,0,2.2526814924247867,1.6140331971671518,1.325468640169914,0.8622676943338687
xáo trộn,Trung bình,1,6.166945776232785,5.007095162762528,4.0908024268803596,-0.0003448881302643425
xáo trộn,BMS thô,1,9.599446799577457,6.747533025227454,5.699064760104201,-1.4238286224626995
xáo trộn,BMS hiệu chỉnh,1,5.858997446660741,4.612297063469934,3.798123416136296,0.0970657748699929
xáo trộn,Ridge,1,3.0576609724198507,2.2250192695358697,1.830472547293004,0.7540832234485805
xáo trộn,Elastic net,1,3.074846872305542,2.2961833832555794,1.888352412044338,0.7513110532690985
xáo trộn,Rừng ngẫu nhiên,1,2.363406798724133,1.5862359927868748,1.3147966563727786,0.8530781262181792
xáo trộn,XGBoost,1,2.048758717928184,1.3785279663841674,1.1400620394089467,0.8895943937873158
xáo trộn,Mạng nơ ron,1,2.452073297568088,1.6318266025341805,1.3428989873257828,0.8418473790699577
xáo trộn,Trung bình,2,6.169829529489651,4.9816856364862465,4.063195879657194,-0.00010147727512466176
xáo trộn,BMS thô,2,9.39606233575402,6.596269136373551,5.5646173299071,-1.3194740491886838
xáo trộn,BMS hiệu chỉnh,2,5.807019168506028,4.569267658682455,3.7548546910164267,0.1140601060375388
xáo trộn,Ridge,2,3.016880654325085,2.178164292773332,1.7916349617381655,0.7608810475220412
xáo trộn,Elastic net,2,3.0954966983804715,2.2419390604840985,1.8442802352831515,0.7482564051730289
xáo trộn,Rừng ngẫu nhiên,2,2.3159593595893306,1.5268075507195047,1.2664964985954283,0.8590842269452933
xáo trộn,XGBoost,2,1.9789871827196777,1.3198001343474957,1.0931127757186536,0.8971075041234896
xáo trộn,Mạng nơ ron,2,2.3904051535535626,1.629543187493032,1.3401031492745965,0.849879233872895
đổi xe,Trung bình,1,6.054470953507258,4.69356775002447,3.738068936077755,-0.024728064842451936
đổi xe,BMS thô,1,7.836745392858819,5.417997779223403,4.5173013654707015,-0.7168316270674782
đổi xe,BMS hiệu chỉnh,1,5.410513268839316,4.231634754997182,3.393753593360237,0.18166116112310116
đổi xe,Ridge,1,2.5320869191367192,1.9338488680129855,1.5651226363088748,0.8207688670769768
đổi xe,Elastic net,1,2.6395393266597713,2.0214398536851887,1.6346092967192856,0.8052342872191759
đổi xe,Rừng ngẫu nhiên,1,1.9251045356992722,1.3387322840394085,1.0895297533957686,0.8963987810753395
đổi xe,XGBoost,1,1.687012400616081,1.1675626493855542,0.9522194244813199,0.9204403652703287
đổi xe,Mạng nơ ron,1,2.0331499377758595,1.4879267581530469,1.2099150893064747,0.8844433226945966
đổi xe,Trung bình,2,5.735872118406526,4.811718900065051,3.9327502697878742,-0.002399323837324552
đổi xe,BMS thô,2,8.846714012616113,6.385826552213273,5.357878497351514,-1.3845466375692137
đổi xe,BMS hiệu chỉnh,2,5.234821242371813,4.213840210982757,3.4620202407429503,0.16507866880839983
đổi xe,Ridge,2,2.9244519311317663,2.2086714766495645,1.811492917083708,0.7394261562353881
đổi xe,Elastic net,2,3.0604187884545717,2.2966010014632143,1.8822859929349365,0.7146331221267979
đổi xe,Rừng ngẫu nhiên,2,2.2122880809781127,1.5206449085755465,1.2566990504209317,0.8508836709120112
đổi xe,XGBoost,2,1.914116595165748,1.3175889801630016,1.0903725746440733,0.8883705919262747
đổi xe,Mạng nơ ron,2,1.9004308692963652,1.3545067374705915,1.1174155132528136,0.8899611616248403
đổi xe,Trung bình,3,5.601722050005814,4.324391306339689,3.5313265656178308,-0.004940346520724059
đổi xe,BMS thô,3,10.268425501820284,7.894707983036024,6.640582096559316,-2.3767964620285347
đổi xe,BMS hiệu chỉnh,3,5.6353013394811615,4.584251761665536,3.772286100672279,-0.017024603663586824
đổi xe,Ridge,3,2.9196255217668448,2.1238331160602932,1.7572845017482877,0.7270070235927417
đổi xe,Elastic net,3,2.9604886361566733,2.143221897722203,1.7742123452182574,0.7193119213964786
đổi xe,Rừng ngẫu nhiên,3,2.042291147036496,1.334823194200234,1.1133863780368096,0.8664227554864192
đổi xe,XGBoost,3,1.8697410456531351,1.268667948943722,1.0535460014828135,0.8880407205024164
đổi xe,Mạng nơ ron,3,2.2695005369786982,1.539844293346919,1.275307632826774,0.8350479373526786
đổi xe,Trung bình,4,4.881483545596111,3.931320523366546,3.1515560644622083,-0.018470263487625704
đổi xe,BMS thô,4,7.83417474958524,5.630976830037659,4.661595511773383,-1.6231987897061866
đổi xe,BMS hiệu chỉnh,4,4.5200462979079825,3.7421224256153627,3.017213484275395,0.12676635517502244
đổi xe,Ridge,4,2.597384628858624,1.9504222487402405,1.584323380215246,0.711651812406121
đổi xe,Elastic net,4,2.692492367333295,2.050277089244611,1.6659621888902532,0.6901484624752245
đổi xe,Rừng ngẫu nhiên,4,1.8025681850609754,1.2513002287364514,1.018437163789726,0.8611237128858727
đổi xe,XGBoost,4,1.6255889441114406,1.151654603666597,0.9396280712465865,0.8870552189984616
đổi xe,Mạng nơ ron,4,2.28392501555206,1.479156897016892,1.202601541454673,0.7770495380827518
đổi xe,Trung bình,5,5.142900519871628,3.9704169650682517,3.1935789177052087,-0.003019944908265293
đổi xe,BMS thô,5,7.593269064784224,5.196756029484618,4.328847184369254,-1.1865071402453569
đổi xe,BMS hiệu chỉnh,5,4.749057710521221,3.7965306844555236,3.0630262095766847,0.14472019841477102
đổi xe,Ridge,5,2.60517246049599,1.88267275701908,1.5384850814416116,0.7426250480215691
đổi xe,Elastic net,5,2.598482585146305,1.8967796140614044,1.5512916076945984,0.743945187584053
đổi xe,Rừng ngẫu nhiên,5,1.7295897273963958,1.1721599969659318,0.9626746889698102,0.8865565264316009
đổi xe,XGBoost,5,1.700023982882605,1.1502631949410957,0.9467661171646239,0.8904018009307899
đổi xe,Mạng nơ ron,5,2.2060902547216434,1.545630723521136,1.2676264104178965,0.8154390258613041
đổi xe,Trung bình,6,6.280089840218519,5.390683208394432,4.418794334536864,-0.013169323655621179
đổi xe,BMS thô,6,10.579808865968717,8.273012246615211,6.955800058312669,-1.8754509411400324
đổi xe,BMS hiệu chỉnh,6,5.814324442649277,4.771264629219578,3.943082300085368,0.13154195488083864
đổi xe,Ridge,6,2.905185707870325,2.1427854392723944,1.7570833053168748,0.7831806107961273
đổi xe,Elastic net,6,2.98452505909685,2.235859024476063,1.8312111028143823,0.7711764188418763
đổi xe,Rừng ngẫu nhiên,6,2.1783488042866073,1.4832571537322528,1.2376219297930908,0.8780995912247022
đổi xe,XGBoost,6,1.8496643598923959,1.2644616940852924,1.0514364426993015,0.9121106655708044
đổi xe,Mạng nơ ron,6,2.1351202159393314,1.5272090282717543,1.2623764518539065,0.8828897295591077
đổi xe,Trung bình,7,5.498761341883247,4.572504521009578,3.684705647422172,-0.008415114084926456
đổi xe,BMS thô,7,8.312774608239227,5.660447103622618,4.719552548401429,-1.3046321452863752
đổi xe,BMS hiệu chỉnh,7,5.117717654211596,4.227089941545269,3.4223640928264123,0.12650132841418849
đổi xe,Ridge,7,2.4416316573576546,1.8679632563196633,1.520233493669122,0.8011754999202395
đổi xe,Elastic net,7,2.4793638413546275,1.8965640045625636,1.5452119749046167,0.7949828787084677
đổi xe,Rừng ngẫu nhiên,7,1.8746647375181684,1.3365454613543606,1.088301123725736,0.8827921160211292
đổi xe,XGBoost,7,1.7347419050113604,1.2579415625176968,1.0271683463764485,0.8996356806032536
đổi xe,Mạng nơ ron,7,2.438816504167408,1.4315086441892193,1.1667761493054254,0.8016337170719754
đổi xe,Trung bình,8,6.37473884046581,5.474056313829647,4.460990043891083,-0.0032567856859653244
đổi xe,BMS thô,8,9.355206205825477,6.485398340782958,5.473311730653055,-1.160697852607051
đổi xe,BMS hiệu chỉnh,8,5.8087984447603604,4.62806314847176,3.793387714665724,0.16697137317651445
đổi xe,Ridge,8,2.928099818437904,2.259185834599451,1.8577884552555985,0.7883301185950177
đổi xe,Elastic net,8,3.083628605503973,2.413733797655098,1.9906918653634407,0.7652468423169208
đổi xe,Rừng ngẫu nhiên,8,2.335185853777505,1.6442357399001333,1.3672240458673268,0.8653736059803244
đổi xe,XGBoost,8,2.0939674202083642,1.4503850188725291,1.2042121566016615,0.891750187779729
đổi xe,Mạng nơ ron,8,2.9293695074758435,2.035515182248515,1.6829929943144517,0.7881465092826312
đổi xe,Trung bình,9,9.089873755184437,7.61425603524361,6.55427107599049,-0.10373067676393277
đổi xe,BMS thô,9,14.186631601338947,10.88251215271801,9.611622653040818,-1.6884749389278135
đổi xe,BMS hiệu chỉnh,9,9.287306908035761,7.4924949130185405,6.512819746518382,-0.15219770324782944
đổi xe,Ridge,9,4.833223628707662,3.3777985344770562,2.958682521967097,0.6879521531611124
đổi xe,Elastic net,9,4.919063888338628,3.4938357334371553,3.0555137796752216,0.6767694980861858
đổi xe,Rừng ngẫu nhiên,9,4.4511813362906345,2.9913900593369176,2.6540341503965736,0.735334102904743
đổi xe,XGBoost,9,3.408122247314135,2.2657052511424958,1.9967007967278696,0.844840726026432
đổi xe,Mạng nơ ron,9,3.711495851013656,2.5795305511460165,2.2192384953703748,0.8159883290407545
đổi xe,Trung bình,10,5.236128650721064,4.278199957153421,3.3701252622694953,-0.25381956672821193
đổi xe,BMS thô,10,8.739196546366056,7.209574325761746,5.8820277400666905,-2.4926690809486876
đổi xe,BMS hiệu chỉnh,10,4.614323152638373,3.885652964000898,3.0942678683170186,0.026288189169306975
đổi xe,Ridge,10,3.317658334521352,2.4791183681587134,1.9805807458689682,0.49664111003499045
đổi xe,Elastic net,10,3.3185280075421804,2.5888760786388505,2.066521533594526,0.4963771798903144
đổi xe,Rừng ngẫu nhiên,10,2.3963584840591374,1.666043057015885,1.331895706570062,0.7373859242568865
đổi xe,XGBoost,10,2.174164676511801,1.5006637186732528,1.2038610697010041,0.7838280715068702
đổi xe,Mạng nơ ron,10,2.3967152448068845,1.7210818862496207,1.3794322243311807,0.7373077244643351
đổi xe,Trung bình,11,6.251965836980184,5.164948859318483,4.1699743078003335,-0.008450811054725227
đổi xe,BMS thô,11,8.773767661381395,5.9950651803212125,5.0441955264739535,-0.98606650211989
đổi xe,BMS hiệu chỉnh,11,5.785913595853101,4.686251061945966,3.809354726894846,0.13629503768764306
đổi xe,Ridge,11,3.461716602150206,2.739213100600651,2.258848334459537,0.6908248721715593
đổi xe,Elastic net,11,3.43469061935882,2.6772592424671426,2.2108948925170995,0.6956335526552775
đổi xe,Rừng ngẫu nhiên,11,2.3415934553237276,1.6468803998871657,1.3587767668741495,0.8585364610962776
đổi xe,XGBoost,11,2.007668615131694,1.4103191491861542,1.1627285662082119,0.8960066455861797
đổi xe,Mạng nơ ron,11,2.2696632781143697,1.6821143832167533,1.381401805136197,0.8670940606434959
đổi xe,Trung bình,12,6.431849654128229,5.521514481564084,4.394715869831273,-0.08586767608199652
đổi xe,BMS thô,12,8.662414679549217,5.841988066106072,4.884714262422249,-0.9696228645741509
đổi xe,BMS hiệu chỉnh,12,6.089186026656317,5.3150797849286215,4.261276752567736,0.02675177293555142
đổi xe,Ridge,12,3.045748358007847,2.2772073082406648,1.8313335115364173,0.7565032468715642
đổi xe,Elastic net,12,3.1570235269081137,2.3862619679496437,1.9162576373771012,0.7383861248691921
đổi xe,Rừng ngẫu nhiên,12,2.5511038265330477,1.799139675400956,1.4420054473529156,0.8291710759983904
đổi xe,XGBoost,12,2.0808955905286046,1.4331327910333411,1.1529004957915605,0.8863405063621022
đổi xe,Mạng nơ ron,12,2.6444415071147787,1.6988996697641199,1.3642252315112946,0.816442105491282
đổi xe,Trung bình,13,5.902317738456993,5.165658113420133,4.11793184317555,-0.0730024231519033
đổi xe,BMS thô,13,8.89213259168776,7.236604741835662,5.950565685291063,-1.4353836851367325
đổi xe,BMS hiệu chỉnh,13,5.058133628643843,4.258483771665835,3.420674558151128,0.21198201464140232
đổi xe,Ridge,13,3.648623193350301,2.715227483693546,2.1707297065178985,0.5899719559039345
đổi xe,Elastic net,13,3.7277313394396225,2.8810774786928715,2.2984881510140176,0.571999040851928
đổi xe,Rừng ngẫu nhiên,13,2.7369930773029996,1.8149683805515946,1.452679067939826,0.769270603335116
đổi xe,XGBoost,13,2.315081936923632,1.5356678872837408,1.235198211105731,0.8349223546667144
đổi xe,Mạng nơ ron,13,2.8328627103058825,1.7395262175411208,1.4028898169311448,0.7528238360208859
đổi xe,Trung bình,14,5.5919676659159245,4.578036091036259,3.716378551715794,-0.0017766808004280321
đổi xe,BMS thô,14,8.671671450104515,6.082854109358384,5.092677338864013,-1.409057938826439
đổi xe,BMS hiệu chỉnh,14,5.102674130834183,3.9701927833805306,3.241828080375347,0.16586319697274887
đổi xe,Ridge,14,2.7185964899847623,2.0168897157889636,1.6528565233107326,0.7632275769428186
đổi xe,Elastic net,14,2.755269551961412,2.064860351219065,1.6943078251843098,0.7567965111541194
đổi xe,Rừng ngẫu nhiên,14,1.973556623131964,1.3781301129587114,1.1326574102997546,0.8752212021086493
đổi xe,XGBoost,14,1.8873608835553917,1.3341652062048315,1.0995563192962892,0.8858826929398804
đổi xe,Mạng nơ ron,14,2.1922337260428035,1.5599066202699425,1.2898050561182943,0.8460373688001097
đổi xe,Trung bình,15,5.586490887966323,4.431904154496428,3.5773482087368227,-0.0057501820937782
đổi xe,BMS thô,15,7.757878296943169,4.842264173949739,4.048581544379708,-0.9395360441824077
đổi xe,BMS hiệu chỉnh,15,5.117133273966357,3.9234779732205634,3.1826338924836004,0.15614974348079402
đổi xe,Ridge,15,2.4270766185483135,1.7995129018132243,1.46587084326912,0.8101638562028141
đổi xe,Elastic net,15,2.493814095074307,1.8587643689828146,1.5140275536090562,0.799580450818468
đổi xe,Rừng ngẫu nhiên,15,1.6971328702597461,1.1862073095801198,0.9739198250072661,0.9071795605061745
đổi xe,XGBoost,15,1.5885944656999393,1.1192341781779753,0.9173598791198118,0.9186723879145149
đổi xe,Mạng nơ ron,15,2.05529203418842,1.4516697632753381,1.1862612672110817,0.8638683813497057
đổi xe,Trung bình,16,5.232298497314962,3.975214252049195,3.1928939862825265,-0.0009417432026190831
đổi xe,BMS thô,16,7.268359322783275,4.829763386967545,4.006408968935047,-0.9315081973867945
đổi xe,BMS hiệu chỉnh,16,4.638230808330542,3.765723536450217,3.0312516283087936,0.21344609818216298
đổi xe,Ridge,16,2.7158614654727855,1.9980957145866851,1.6331606481210588,0.7303260456961481
đổi xe,Elastic net,16,2.782660619063707,2.065936869240121,1.6887097939392155,0.7168971373245521
đổi xe,Rừng ngẫu nhiên,16,1.9425334498162181,1.3460016461973974,1.0992604356483537,0.8620375846291103
đổi xe,XGBoost,16,1.824368299005384,1.3059287088841016,1.068168953796276,0.8783117034888526
đổi xe,Mạng nơ ron,16,2.047050536966556,1.5749966648899068,1.2833635605810185,0.8467921894277404
đổi xe,Trung bình,17,5.719109082425656,4.639082832874327,3.7395065109790244,-0.016383043694611965
đổi xe,BMS thô,17,9.516750830091247,6.753766901133361,5.640504900401836,-1.8143496229979332
đổi xe,BMS hiệu chỉnh,17,5.489929100636268,4.441685196194146,3.6192608171303515,0.0634431975276264
đổi xe,Ridge,17,2.7148973618832657,2.041861393058799,1.6494107393238173,0.7709620320151835
đổi xe,Elastic net,17,2.790763451771724,2.1120339343308836,1.7044926101320665,0.7579825367421201
đổi xe,Rừng ngẫu nhiên,17,2.1097975705628644,1.4283210815382792,1.165342825837947,0.8616808769639446
đổi xe,XGBoost,17,1.8033709420774129,1.2162189252953823,0.9944085825687534,0.8989419797407512
đổi xe,Mạng nơ ron,17,2.151484959186738,1.5853076391943937,1.2924967961770017,0.8561607931546928
đổi xe,Trung bình,18,6.628142375583427,5.317521416709285,4.519209844277548,-0.17887037328988176
đổi xe,BMS thô,18,11.207828523074966,7.724359275923554,6.687149157695887,-2.3707407505093636
đổi xe,BMS hiệu chỉnh,18,6.696724030462585,4.945386367944652,4.23347424150156,-0.20339222263774936
đổi xe,Ridge,18,3.101359789071666,2.312011205460614,1.9377081477950036,0.741900775632627
đổi xe,Elastic net,18,3.0830323147845085,2.313844582316176,1.9406534739135024,0.744942235091232
đổi xe,Rừng ngẫu nhiên,18,2.7583100962823437,1.8804653816205754,1.6151137681499357,0.7958409791493315
đổi xe,XGBoost,18,2.3141273398616007,1.6046198374694918,1.366507537646972,0.8562999555299755
đổi xe,Mạng nơ ron,18,2.592089668981954,1.860326621339796,1.5734224402047425,0.8197055166888175
đổi xe,Trung bình,19,6.216706361558578,4.991508404893978,4.114509997209145,-0.024968934305653834
đổi xe,BMS thô,19,9.234861380874559,6.150266573948407,5.238810612309416,-1.2617820619543396
đổi xe,BMS hiệu chỉnh,19,5.83280894670817,4.446077810921609,3.6830942648026603,0.09771134582593988
đổi xe,Ridge,19,2.7794566579343813,2.078922032830865,1.7239074119963531,0.7951151689590065
đổi xe,Elastic net,19,2.8429046782069554,2.134120908934011,1.7705699508109847,0.785654391595796
đổi xe,Rừng ngẫu nhiên,19,2.110064706173626,1.5108829258264316,1.2628881606194775,0.8819185872953197
đổi xe,XGBoost,19,1.8122974388198214,1.3073964897335288,1.089325278567937,0.912893824286497
đổi xe,Mạng nơ ron,19,2.07757424533537,1.5139234977611928,1.2565684489642994,0.8855269907979698
đổi xe,Trung bình,20,7.440824845366304,5.977461632567423,4.990560988542832,-0.01418254271867525
đổi xe,BMS thô,20,11.522013526219254,7.600866172221854,6.614412950308017,-1.4318160985210011
đổi xe,BMS hiệu chỉnh,20,7.501656644336574,5.692422831860012,4.8054129539859725,-0.030833045581201146
đổi xe,Ridge,20,3.315243384685341,2.3907839654367873,2.0022154443989817,0.798671711338208
đổi xe,Elastic net,20,3.3647407157311626,2.442948624019001,2.0496422158106866,0.7926150794559057
đổi xe,Rừng ngẫu nhiên,20,3.0893690604859985,2.1085776611370304,1.8033851364152895,0.8251709678298583
đổi xe,XGBoost,20,2.5669020213681266,1.6995312127690054,1.4447962075978162,0.8793040905170763
đổi xe,Mạng nơ ron,20,2.6448728292195316,1.9107560652070745,1.5956334610018799,0.8718603427680539
đổi thời kỳ,Trung bình,0,10.984459540244657,10.48267404635265,9.138411116106667,-10.197243998880605
đổi thời kỳ,BMS thô,0,18.44420659183035,18.078432576611053,15.691067740070356,-30.56993669867693
đổi thời kỳ,BMS hiệu chỉnh,0,14.194650310173254,13.775997687060961,11.975900415864212,-17.69834424023038
đổi thời kỳ,Ridge,0,4.810863341998537,3.8443551495042665,3.358997819909243,-1.147829464525202
đổi thời kỳ,Elastic net,0,5.172053037929523,4.2766259017961294,3.736544508129349,-1.4824453390496921
đổi thời kỳ,Rừng ngẫu nhiên,0,7.135664392144036,6.3720261741347874,5.574945155627804,-3.7252260197840954
đổi thời kỳ,XGBoost,0,6.229567719092875,5.424649284910517,4.747848121514499,-2.6013852159035626
đổi thời kỳ,Mạng nơ ron,0,5.044967162988332,3.5253798746078946,3.0850792419146726,-1.361948601026691
