k,bo,RMSE,RMSE_te_nhat
5,top-5 theo hoán vị,3.181819566781649,4.914597463550115
10,top-10 theo hoán vị,2.729800437050554,4.530854900936049
20,top-20 theo hoán vị,2.544678552404066,4.257425525048676
30,top-30 theo hoán vị,2.37994272777032,3.826897340686051
43,top-43 theo hoán vị,2.199498729616944,3.365912672515025
60,top-60 theo hoán vị,2.1014409247938035,3.175249167607429
100,top-100 theo hoán vị,2.1002433604163717,3.192849862164562
167,top-167 theo hoán vị,2.132851663186465,3.3416225588529334
43,bộ 43 của bài báo,2.1618761496085024,3.1833441355216543
