xe,k,cach,bao_phu,do_rong,RMSE
1,10,Chỉ hiệu chuẩn lại,0.9911727616645649,10.674564763035306,1.6597333950713555
1,10,Chỉ huấn luyện lại,0.935687263556116,5.797589293236882,1.6499958152270757
1,10,"Cả hai, đã phá tách rời",0.7150063051702396,2.8158764085431187,1.6499958152270757
1,25,Chỉ hiệu chuẩn lại,0.8962444302991726,4.833567002240386,1.6695735857881004
1,25,Chỉ huấn luyện lại,0.9350732017823042,5.782028305927071,1.6754595239420464
1,25,"Cả hai, đã phá tách rời",0.7943984723106302,3.522009968253485,1.6754595239420464
1,50,Chỉ hiệu chuẩn lại,0.8758085381630013,4.4783780144656475,1.6704425399972394
1,50,Chỉ huấn luyện lại,0.9301423027166882,5.856389469439279,1.6891849248125148
1,50,"Cả hai, đã phá tách rời",0.8505821474773609,4.114726519430349,1.6891849248125148
1,100,Chỉ hiệu chuẩn lại,0.8402406417112299,4.015916079750809,1.6883854241017386
1,100,Chỉ huấn luyện lại,0.9371657754010695,5.890275923847668,1.6922348673670238
1,100,"Cả hai, đã phá tách rời",0.7473262032085561,3.0923206778065833,1.6922348673670238
3,10,Chỉ hiệu chuẩn lại,0.7451737451737451,3.329604193793415,1.9049656174597798
3,10,Chỉ huấn luyện lại,0.9137709137709138,5.736586885077799,1.892990568574626
3,10,"Cả hai, đã phá tách rời",0.752895752895753,3.3469829919120286,1.892990568574626
3,25,Chỉ hiệu chuẩn lại,0.9720597790773229,8.276771697888705,1.9058683956361164
3,25,Chỉ huấn luyện lại,0.9233268356075374,5.970243242817531,1.8772135756927446
3,25,"Cả hai, đã phá tách rời",0.9623131903833658,7.371666107068393,1.8772135756927446
3,50,Chỉ hiệu chuẩn lại,0.9207397622192867,5.903182810992888,1.9102707182519074
3,50,Chỉ huấn luyện lại,0.916776750330251,5.881133580588539,1.8878238490673134
3,50,"Cả hai, đã phá tách rời",0.7899603698811096,3.8765710086069873,1.8878238490673134
3,100,Chỉ hiệu chuẩn lại,0.9057377049180327,5.527812260183907,1.9213696107649334
3,100,Chỉ huấn luyện lại,0.9153005464480874,5.841173406461309,1.900550270559916
3,100,"Cả hai, đã phá tách rời",0.7759562841530054,3.6681700916682303,1.900550270559916
5,10,Chỉ hiệu chuẩn lại,0.8379571248423707,3.9251664360893983,1.6765515645724303
5,10,Chỉ huấn luyện lại,0.9438839848675914,5.998502818050611,1.6798096375813
5,10,"Cả hai, đã phá tách rời",0.7005044136191677,2.741334910253329,1.6798096375813
5,25,Chỉ hiệu chuẩn lại,0.9789942711648632,7.923299069811236,1.6777119284693591
5,25,Chỉ huấn luyện lại,0.9357097390197326,5.923120485308743,1.6853351519759638
5,25,"Cả hai, đã phá tách rời",0.8669637173774666,4.4095814184440485,1.6853351519759638
5,50,Chỉ hiệu chuẩn lại,0.7425614489003881,3.18432863104735,1.689913317239015
5,50,Chỉ huấn luyện lại,0.9489003880983182,6.006222248305647,1.7168502720593493
5,50,"Cả hai, đã phá tách rời",0.6461836998706338,2.44091399328002,1.7168502720593493
5,100,Chỉ hiệu chuẩn lại,0.9331550802139037,5.643758270463138,1.6774990450627878
5,100,Chỉ huấn luyện lại,0.9471925133689839,5.90081091094433,1.6983623961773793
5,100,"Cả hai, đã phá tách rời",0.838903743315508,3.902648648726853,1.6983623961773793
7,10,Chỉ hiệu chuẩn lại,0.8669695003244646,4.843824582449116,1.7444136156931398
7,10,Chỉ huấn luyện lại,0.9013627514600908,5.430470165383525,1.7399418346906361
7,10,"Cả hai, đã phá tách rời",0.8007787151200519,3.883863644949116,1.7399418346906361
7,25,Chỉ hiệu chuẩn lại,0.9521625163826999,6.91121252927644,1.741212358968046
7,25,Chỉ huấn luyện lại,0.9043250327653998,5.401420794574307,1.7265066222787289
7,25,"Cả hai, đã phá tách rời",0.9089121887287025,5.535632660172922,1.7265066222787289
7,50,Chỉ hiệu chuẩn lại,0.9473684210526315,6.788187280715476,1.7308735329866418
7,50,Chỉ huấn luyện lại,0.893404397068621,5.26054993438521,1.7364171080144282
7,50,"Cả hai, đã phá tách rời",0.9093937375083277,5.654962320963563,1.7364171080144282
7,100,Chỉ hiệu chuẩn lại,0.9297036526533425,6.143043038865642,1.7484475144326939
7,100,Chỉ huấn luyện lại,0.9035148173673329,5.4540112328980115,1.748958649270387
7,100,"Cả hai, đã phá tách rời",0.7815299793246038,3.715785100424057,1.748958649270387
9,10,Chỉ hiệu chuẩn lại,0.7825818406423718,6.327507742628114,3.220092285513753
9,10,Chỉ huấn luyện lại,0.762816553428042,5.7776914082594715,3.2328574064415605
9,10,"Cả hai, đã phá tách rời",0.7300802964793082,5.035530813917177,3.2328574064415605
9,25,Chỉ hiệu chuẩn lại,0.9950124688279302,21.790050245140094,3.1841877983786246
9,25,Chỉ huấn luyện lại,0.7718204488778054,5.660772389245466,3.01134323781792
9,25,"Cả hai, đã phá tách rời",0.9438902743142145,12.473729565616708,3.01134323781792
9,50,Chỉ hiệu chuẩn lại,0.915769474350855,11.764963337529338,3.2191198477497642
9,50,Chỉ huấn luyện lại,0.7669411019632679,5.709609985351648,3.132230541745305
9,50,"Cả hai, đã phá tách rời",0.74034198860038,5.106785454644154,3.132230541745305
9,100,Chỉ hiệu chuẩn lại,0.9705689993459777,16.918684026785343,3.164775751407382
9,100,Chỉ huấn luyện lại,0.7795945062132112,5.6857960256260185,3.0159734084510927
9,100,"Cả hai, đã phá tách rời",0.76324395029431,5.340403386140025,3.0159734084510927
11,10,Chỉ hiệu chuẩn lại,0.9743095696852923,10.149110649956526,1.9111576762765432
11,10,Chỉ huấn luyện lại,0.8689788053949904,5.287339232036288,1.9131201551536055
11,10,"Cả hai, đã phá tách rời",0.8073217726396917,4.335614910191396,1.9131201551536055
11,25,Chỉ hiệu chuẩn lại,0.9974059662775616,15.673872163529808,1.9135625503803857
11,25,Chỉ huấn luyện lại,0.8670557717250325,5.319654908298503,1.9287872599095053
11,25,"Cả hai, đã phá tách rời",0.7846952010376135,4.046896484374969,1.9287872599095053
11,50,Chỉ hiệu chuẩn lại,0.9096901779828609,6.4261248351923825,1.91117325479467
11,50,Chỉ huấn luyện lại,0.8694792353328938,5.341218591334211,1.9254685964691998
11,50,"Cả hai, đã phá tách rời",0.8266315095583389,4.583908826834119,1.9254685964691998
11,100,Chỉ hiệu chuẩn lại,0.9597818677573279,8.431747543092854,1.8980354198318536
11,100,Chỉ huấn luyện lại,0.8738922972051807,5.410343948758339,1.912208527022012
11,100,"Cả hai, đã phá tách rời",0.7668711656441718,3.926048656322365,1.912208527022012
13,10,Chỉ hiệu chuẩn lại,0.8994638069705094,7.139417423115134,2.3181048781341227
13,10,Chỉ huấn luyện lại,0.8518766756032171,5.656267733800149,2.301954579338104
13,10,"Cả hai, đã phá tách rời",0.7319034852546917,3.632916609491815,2.301954579338104
13,25,Chỉ hiệu chuẩn lại,0.9350033852403521,8.985514471761405,2.316240173338145
13,25,Chỉ huấn luyện lại,0.8483412322274881,5.6968149902343725,2.3140630816647074
13,25,"Cả hai, đã phá tách rời",0.8422477995937712,5.504136354968324,2.3140630816647074
13,50,Chỉ hiệu chuẩn lại,0.8911845730027548,6.916076839727538,2.3257488819536873
13,50,Chỉ huấn luyện lại,0.8553719008264463,5.666063313259571,2.30860092723905
13,50,"Cả hai, đã phá tách rời",0.8023415977961432,4.58807168890317,2.30860092723905
13,100,Chỉ hiệu chuẩn lại,0.9443651925820257,9.3767631949639,2.3022871371424127
13,100,Chỉ huấn luyện lại,0.8559201141226819,5.621932026367176,2.2551854519394388
13,100,"Cả hai, đã phá tách rời",0.8266761768901569,4.965745241687074,2.2551854519394388
15,10,Chỉ hiệu chuẩn lại,0.9525244913338358,6.633296450954788,1.5510759545161785
15,10,Chỉ huấn luyện lại,0.9321778447626224,5.578508011931774,1.5572430897162695
15,10,"Cả hai, đã phá tách rời",0.7648831951770911,3.190320889434531,1.5572430897162695
15,25,Chỉ hiệu chuẩn lại,0.9817073170731707,8.667415923306521,1.5453056781146803
15,25,Chỉ huấn luyện lại,0.9352134146341463,5.718893745264381,1.5338934549433896
15,25,"Cả hai, đã phá tách rời",0.9466463414634146,5.997192132388079,1.5338934549433896
15,50,Chỉ hiệu chuẩn lại,0.8904428904428905,4.551558470951875,1.55688125918358
15,50,Chỉ huấn luyện lại,0.9269619269619269,5.530235339306245,1.5653427189916453
15,50,"Cả hai, đã phá tách rời",0.8337218337218337,3.7833595724224267,1.5653427189916453
15,100,Chỉ hiệu chuẩn lại,0.9159256265157639,4.939460132879248,1.5418581477126767
15,100,Chỉ huấn luyện lại,0.9272433306386418,5.477754311723345,1.5412840366527019
15,100,"Cả hai, đã phá tách rời",0.8205335489086499,3.651504110902266,1.5412840366527019
