xe,bao_phu_chung,bao_phu_mondrian,nhom_xau_nhat_chung,nhom_xau_nhat_mondrian,do_rong_chung,do_rong_mondrian
1,0.9360902255639098,0.9291979949874687,0.905982905982906,0.9155672823218998,5.927945874062999,5.923215062990778
2,0.9192166462668299,0.9179926560587516,0.8867069486404834,0.8660436137071651,5.954048232588832,6.301783866400314
3,0.9168797953964194,0.9156010230179028,0.8657718120805369,0.8746518105849582,5.7774998193359295,5.003232985153659
4,0.9342751842751843,0.9195331695331695,0.8971553610503282,0.9019607843137255,5.889553418511298,4.721150891927067
5,0.9392230576441103,0.9511278195488722,0.9064516129032258,0.9235537190082644,5.932964616186894,5.106598258182913
6,0.9146889031430404,0.9185375240538807,0.8395989974937343,0.9034267912772586,5.895919278504891,4.915614580953786
7,0.8903932946486138,0.9026434558349452,0.813953488372093,0.8790697674418605,5.4047006045519765,4.899290473090389
8,0.8808322824716267,0.8902900378310215,0.7599067599067599,0.8811188811188811,5.81757624659258,4.919736374843296
9,0.7599754450583179,0.7526089625537139,0.5389755011135857,0.6570155902004454,5.715769795422716,4.8024746079473175
10,0.8709187547456341,0.8876233864844343,0.7232375979112271,0.8198433420365535,5.7469234682182275,7.331555385939453
11,0.8691767708998086,0.8768347160178686,0.7642487046632125,0.8652849740932642,5.293858528258255,5.011439309740808
12,0.8891013384321224,0.8992989165073295,0.7560975609756098,0.8691796008869179,5.980573865634767,4.9794756987073185
13,0.8568575233022636,0.844207723035952,0.7942708333333334,0.8208409506398537,5.7598250741775985,5.5899423037707265
14,0.9009840098400984,0.9009840098400984,0.8171296296296297,0.8663967611336032,5.59584275864114,4.768627661132882
15,0.9349289454001496,0.9296933433059088,0.8925081433224755,0.9052287581699346,5.615588434489553,4.966308767590419
16,0.9039379474940334,0.8890214797136038,0.8480492813141683,0.8468634686346863,5.663254212760478,4.687105907298928
17,0.9308692676249144,0.9281314168377823,0.8430851063829787,0.9069148936170213,6.110025416708282,5.649130508598205
18,0.8568829593693147,0.8447543966040024,0.7312775330396476,0.8171806167400881,5.640723469254169,6.20981444670025
19,0.8996235884567126,0.9127979924717692,0.8260869565217391,0.9033333333333333,5.798944042862274,5.065682894979034
20,0.8424317617866005,0.8566997518610422,0.7246376811594203,0.7989130434782609,5.797567899399866,6.256313328163344
