xe,n_dich,RMSE,bao_phu_chi_nguon,do_rong
1,1596,1.6630573869104774,0.9360902255639098,5.927945874062999
2,1634,1.8410293087191287,0.9192166462668299,5.954048232588832
3,1564,1.9009476939917764,0.9168797953964194,5.7774998193359295
4,1628,1.6655758607692044,0.9342751842751843,5.889553418511298
5,1596,1.673822715402702,0.9392230576441103,5.932964616186894
6,1559,1.8074562056958863,0.9146889031430404,5.895919278504891
7,1551,1.7407664490167944,0.8903932946486138,5.4047006045519765
8,1586,1.987216653437564,0.8808322824716267,5.81757624659258
9,1629,3.212554963415879,0.7599754450583179,5.715769795422716
10,1317,2.1440753008686313,0.8709187547456341,5.7469234682182275
11,1567,1.9150404177456486,0.8691767708998086,5.293858528258255
12,1569,2.029250640572072,0.8891013384321224,5.980573865634767
13,1502,2.3130449590376343,0.8568575233022636,5.7598250741775985
14,1626,1.8022843761013196,0.9009840098400984,5.59584275864114
15,1337,1.5505916207906385,0.9349289454001496,5.615588434489553
16,1676,1.8183008255558253,0.9039379474940334,5.663254212760478
17,1461,1.7930903696423983,0.9308692676249144,6.110025416708282
18,1649,2.208551900137881,0.8568829593693147,5.640723469254169
19,1594,1.8371710825626266,0.8996235884567126,5.798944042862274
20,1612,2.4382254456075816,0.8424317617866005,5.797567899399866
