dac_trung,nhom,spearman,mi,trong_bo_43,abs_spearman
vmin_p10,Cực trị cell,0.5284574407913813,0.2998941481915054,True,0.5284574407913813
v_end,Điện áp,0.5202583199396056,0.29705238425437397,True,0.5202583199396056
vcell_max,Điện áp,0.518781222895576,0.29457840436120986,False,0.518781222895576
vcell_p10,Điện áp,0.5184141985787283,0.3007823831932379,True,0.5184141985787283
vcell_f19,Điện áp,0.5154134616687337,0.23605264854471564,False,0.5154134616687337
vmax_p10,Cực trị cell,0.5148172788211309,0.28745783703479955,True,0.5148172788211309
vmax_headroom,Cực trị cell,-0.5148172788211309,0.2866439726715937,False,0.5148172788211309
vmin_a9,Cực trị cell,0.4999703947536728,0.20563920596895002,False,0.4999703947536728
dv_area,Độ dốc,0.4970464447576648,0.2252215155338444,False,0.4970464447576648
vcell_p9,Điện áp,0.48892446092777875,0.18273727738787837,True,0.48892446092777875
vmax_a9,Cực trị cell,0.48832451418228084,0.2102903340494242,False,0.48832451418228084
ic_b7,Đường cong IC,-0.48619654459436756,0.21128099231300723,False,0.48619654459436756
v_range,Điện áp,0.47109603166420555,0.19762197693576677,True,0.47109603166420555
vcell_range,Điện áp,0.469710062484982,0.20630926428828644,False,0.469710062484982
spread_p10,Chênh lệch cell,-0.46952411761859797,0.24131743676941397,True,0.46952411761859797
v_slope,Điện áp,0.46426107020522694,0.20459644438283764,False,0.46426107020522694
vpack_std,Điện áp,0.46315828405432174,0.1967507723742301,False,0.46315828405432174
vcell_std,Điện áp,0.4619991501480726,0.20333468739162353,False,0.4619991501480726
vcell_f17,Điện áp,0.4543766612828717,0.16688147888758564,False,0.4543766612828717
ic_b6,Đường cong IC,-0.45217793925347965,0.15670927074037433,False,0.45217793925347965
soc_hi,SOC,0.4500905527985738,0.259942435547849,True,0.4500905527985738
i_min,Dòng sạc,-0.4416734717532314,0.5184237122294433,False,0.4416734717532314
vmin_a8,Cực trị cell,0.43184815979916774,0.1396857721245608,False,0.43184815979916774
dv_q3,Độ dốc,0.43114430411440724,0.16100270124452987,True,0.43114430411440724
i_end,Dòng sạc,-0.4303079709080746,0.5492599520164596,True,0.4303079709080746
i_a10,Dòng sạc,-0.4296865467924641,0.5459262800662286,False,0.4296865467924641
dv_d7,Độ dốc,0.42099694947693694,0.16121862343794735,False,0.42099694947693694
vcell_p8,Điện áp,0.41887414850299487,0.14359924230608812,True,0.41887414850299487
vmax_a8,Cực trị cell,0.4154507343591561,0.14324201775184608,False,0.4154507343591561
i_range,Dòng sạc,0.4071867267983485,0.4087542679525713,False,0.4071867267983485
i_q10,Dòng sạc,-0.4034222388195601,0.5238452725398068,False,0.4034222388195601
dv_d6,Độ dốc,0.40196446564663013,0.12238526893034507,False,0.40196446564663013
i_std,Dòng sạc,0.3992835585711655,0.20468769582680668,True,0.3992835585711655
iamp_std,Dòng sạc,0.3992835585711655,0.20467633265220808,False,0.3992835585711655
vcell_f15,Điện áp,0.38332780590026366,0.11951357016414565,False,0.38332780590026366
ic_b5,Đường cong IC,-0.37617004176878815,0.13984984798258004,False,0.37617004176878815
i_taper,Dòng sạc,-0.3737405416921057,0.3977411522318137,False,0.3737405416921057
spread_a9,Chênh lệch cell,-0.36437920909316274,0.127104882639971,False,0.36437920909316274
soc_span,SOC,0.3619218094915411,0.16377972705139143,True,0.3619218094915411
vmin_a7,Cực trị cell,0.36102662007851477,0.13644093742316787,False,0.36102662007851477
c_rate,Dòng sạc,-0.35656275697070905,0.20771499897031553,False,0.35656275697070905
i_mean,Dòng sạc,-0.35656221317276804,0.20770987410860808,True,0.35656221317276804
iamp_mean,Dòng sạc,-0.35656221317276804,0.20773568124318853,False,0.35656221317276804
vcell_p7,Điện áp,0.3484154083025319,0.1081568774707371,True,0.3484154083025319
spread_skew,Chênh lệch cell,-0.3454226038307954,0.08248360214979567,False,0.3454226038307954
r_proxy_end,Điện trở,0.3450133327142261,0.009788406655947934,False,0.3450133327142261
vmax_a7,Cực trị cell,0.344154846185988,0.12217334650750544,False,0.344154846185988
dv_d5,Độ dốc,0.33500432515245954,0.09879223489025524,False,0.33500432515245954
dv_q2,Độ dốc,0.3234857028287596,0.09052481616037422,True,0.3234857028287596
dv_d8,Độ dốc,0.3231112969620066,0.14043745540956998,False,0.3231112969620066
dv_max,Độ dốc,0.3145336576838802,0.10483068330809253,False,0.3145336576838802
vcell_f13,Điện áp,0.31399780873771704,0.11538883283124513,False,0.31399780873771704
i_q25,Dòng sạc,-0.31170088244938277,0.3773002124430529,False,0.31170088244938277
ic_b4,Đường cong IC,-0.297523607839353,0.11874389211381864,False,0.297523607839353
ic_b9,Đường cong IC,-0.2940765498010737,0.21508016467219715,False,0.2940765498010737
vmin_a6,Cực trị cell,0.2928879822420772,0.11198660975083108,False,0.2928879822420772
d2v_q0,Độ dốc,-0.2926276862946723,0.08038351936955657,False,0.2926276862946723
iamp_skew,Dòng sạc,-0.28778340153688364,0.11219830010085285,False,0.28778340153688364
spread_max,Chênh lệch cell,-0.2854493829879064,0.12282586507251025,False,0.2854493829879064
i_slope,Dòng sạc,0.2822506974923525,0.31996412410830377,False,0.2822506974923525
vcell_p6,Điện áp,0.2802505728254469,0.11240719277330413,True,0.2802505728254469
dv_d4,Độ dốc,0.2773983058578663,0.08384067249307314,False,0.2773983058578663
vmax_a6,Cực trị cell,0.2757210646459027,0.09900984527050483,False,0.2757210646459027
spread_mean,Chênh lệch cell,-0.2716382693973349,0.09000348473318187,False,0.2716382693973349
spread_p8,Chênh lệch cell,-0.2596778540987562,0.0854593287632186,True,0.2596778540987562
ic_b8,Đường cong IC,-0.2555828003098282,0.15502431554987162,False,0.2555828003098282
tmax_skew,Nhiệt độ,-0.24876683153219292,0.09437199772985938,False,0.24876683153219292
vpack_mean,Điện áp,0.24836678392658512,0.11927894614056278,False,0.24836678392658512
tmin_skew,Nhiệt độ,-0.2481788428887246,0.10094929083374193,False,0.2481788428887246
vcell_mean,Điện áp,0.2480533527892073,0.11111674672615646,False,0.2480533527892073
vcell_f11,Điện áp,0.24762103416784817,0.08746563885286474,False,0.24762103416784817
spread_p0,Chênh lệch cell,-0.23803400738207933,0.10473448372784055,True,0.23803400738207933
d2v_q3,Độ dốc,-0.23580996145348687,0.10703113140271281,False,0.23580996145348687
ic_b3,Đường cong IC,-0.23382954223013996,0.06323134888961235,False,0.23382954223013996
vmin_p5,Cực trị cell,0.229328615011163,0.08368796138272927,True,0.229328615011163
ic_b2,Đường cong IC,-0.2276056380062138,0.09490932310240652,False,0.2276056380062138
dv_d0,Độ dốc,0.22661481361310204,0.08614595783582057,False,0.22661481361310204
vcell_p5,Điện áp,0.21621981722135628,0.07508791176232155,True,0.21621981722135628
v_mid,Điện áp,0.21621488313740447,0.07502268997904338,False,0.21621488313740447
spread_a7,Chênh lệch cell,-0.2130507294660149,0.07897193333149843,False,0.2130507294660149
vmax_p5,Cực trị cell,0.21115051935646223,0.08913458755850989,True,0.21115051935646223
dv_d3,Độ dốc,0.2104410571766674,0.07087878700182326,False,0.2104410571766674
spread_a1,Chênh lệch cell,-0.20664773108438872,0.08557594953383951,False,0.20664773108438872
spread_a6,Chênh lệch cell,-0.1925880747499981,0.08677039810589893,False,0.1925880747499981
spread_p2,Chênh lệch cell,-0.18895724682151765,0.09872508362858756,True,0.18895724682151765
dv_q1,Độ dốc,0.1853677641714373,0.09523644527750186,True,0.1853677641714373
vcell_f9,Điện áp,0.18507363949156444,0.07583933403800724,False,0.18507363949156444
spread_growth,Chênh lệch cell,-0.18417540356199555,0.06951319418851831,False,0.18417540356199555
ic_b0,Đường cong IC,-0.18233752848156462,0.07540187837455292,False,0.18233752848156462
iamp_kurt,Dòng sạc,0.17951199551469801,0.0749610578010449,False,0.17951199551469801
soc_mid,SOC,0.1752637844821788,0.06742988109561132,False,0.1752637844821788
spread_a3,Chênh lệch cell,-0.1705412581879634,0.07609842373324582,False,0.1705412581879634
spread_p5,Chênh lệch cell,-0.16733565094253086,0.06371900188116086,True,0.16733565094253086
vmin_a4,Cực trị cell,0.1653670219039987,0.0755386425121447,False,0.1653670219039987
dv_q0,Độ dốc,0.16452001057040816,0.13855144665272423,True,0.16452001057040816
spread_a4,Chênh lệch cell,-0.15821532914849626,0.08340713742169203,False,0.15821532914849626
vcell_p4,Điện áp,0.1534737788041728,0.06881168054332232,True,0.1534737788041728
vmax_a4,Cực trị cell,0.14794661099085954,0.0825892656832865,False,0.14794661099085954
spread_kurt,Chênh lệch cell,0.13852669193951728,0.05725683384157776,False,0.13852669193951728
dv_d2,Độ dốc,0.13446516582816143,0.10166510324776645,False,0.13446516582816143
dv_q4,Độ dốc,0.12654828943853905,0.15468624843215117,True,0.12654828943853905
tmin_kurt,Nhiệt độ,0.12306833401574002,0.06474154693608192,False,0.12306833401574002
vcell_f7,Điện áp,0.12190499749262658,0.05877097982727264,False,0.12190499749262658
vcell_kurt,Điện áp,-0.1124445706119126,0.041688213006304764,False,0.1124445706119126
vpack_kurt,Điện áp,-0.11239448428870476,0.03144960608627212,False,0.11239448428870476
tmax_kurt,Nhiệt độ,0.10911998136377626,0.06192715934725168,False,0.10911998136377626
vmax_p0,Cực trị cell,-0.10883597188809836,0.11160566895278556,True,0.10883597188809836
ic_b1,Đường cong IC,-0.1073431858168233,0.0872383981147209,False,0.1073431858168233
vmin_a3,Cực trị cell,0.10224852915826955,0.08752498577714718,False,0.10224852915826955
dv_min,Độ dốc,-0.10186123176882292,0.1082840686198363,False,0.10186123176882292
d2v_q1,Độ dốc,0.0971858098023441,0.06256610588481237,False,0.0971858098023441
v_start,Điện áp,-0.09589284285865651,0.09464021459197003,True,0.09589284285865651
vcell_p0,Điện áp,-0.09589284285865651,0.09468639670785439,True,0.09589284285865651
vcell_min,Điện áp,-0.09588590089722349,0.09546285006802435,False,0.09588590089722349
spread_std,Chênh lệch cell,0.09252711313728668,0.03484994673620534,False,0.09252711313728668
vcell_p3,Điện áp,0.0912231970335477,0.08662768287063294,True,0.0912231970335477
vmin_headroom,Cực trị cell,-0.08929704515123059,0.09997277864055132,False,0.08929704515123059
vmin_p0,Cực trị cell,-0.08929704515123059,0.1003957644483906,True,0.08929704515123059
tmin_std,Nhiệt độ,0.08886410748663602,0.09539777862932741,False,0.08886410748663602
i_q50,Dòng sạc,-0.08884552051971482,0.19131312457759675,False,0.08884552051971482
vmax_a3,Cực trị cell,0.08550008171291713,0.0794545549968193,False,0.08550008171291713
tmax_std,Nhiệt độ,0.07750082234402816,0.1048899699732635,False,0.07750082234402816
dv_argmax,Độ dốc,-0.07217727052600938,0.061668435950575695,False,0.07217727052600938
tmin_rise,Nhiệt độ,0.06917634175834338,0.0649300846255989,False,0.06917634175834338
dv_d1,Độ dốc,0.06803437847162318,0.08365484319723304,False,0.06803437847162318
vcell_f5,Điện áp,0.061813278918424065,0.08069232153991113,False,0.061813278918424065
tgrad_start,Nhiệt độ,0.06157491033112901,0.010328162411840758,False,0.06157491033112901
tmax_rise,Nhiệt độ,0.059979666597270546,0.0785157388438491,True,0.059979666597270546
i_first,Dòng sạc,-0.059276949416818554,0.14446306052753588,False,0.059276949416818554
i_a0,Dòng sạc,-0.059276949416818554,0.14276982719210363,False,0.059276949416818554
tgrad_max,Nhiệt độ,0.05862375062805578,0.00502549159059873,False,0.05862375062805578
tgrad_mean,Nhiệt độ,0.0571775730264737,0.004262966571406679,True,0.0571775730264737
vpack_skew,Điện áp,-0.05631648725081315,0.06019847682708601,False,0.05631648725081315
soc_lo,SOC,-0.05570924111573766,0.07327439184291418,True,0.05570924111573766
tgrad_end,Nhiệt độ,0.0469790554594631,0.0,False,0.0469790554594631
vmin_a2,Cực trị cell,0.04465370910240432,0.06699596206568792,False,0.04465370910240432
vcell_f1,Điện áp,-0.04190939270835185,0.08687321970215844,False,0.04190939270835185
i_q75,Dòng sạc,-0.04096725996693864,0.1690838783051971,False,0.04096725996693864
dv_d9,Độ dốc,0.04095575175842802,0.14600808310661417,False,0.04095575175842802
i_q90,Dòng sạc,-0.04057577417543236,0.1621723521982128,False,0.04057577417543236
d2v_q2,Độ dốc,0.03940577264703387,0.06793009017964913,False,0.03940577264703387
i_max,Dòng sạc,-0.03632007822832523,0.1676319212487405,True,0.03632007822832523
vcell_p2,Điện áp,0.034034332412105475,0.07879586092365898,True,0.034034332412105475
i_a5,Dòng sạc,-0.033785532088600106,0.15969226053198193,False,0.033785532088600106
vcell_skew,Điện áp,-0.031376399612733676,0.05958815707293397,False,0.031376399612733676
tmax_a5,Nhiệt độ,0.028822988539999258,0.056595113855283596,False,0.028822988539999258
vmax_a2,Cực trị cell,0.02834985684302683,0.08579902367253123,False,0.02834985684302683
tmin_trough,Nhiệt độ,-0.026641950665478524,0.055172944749292796,False,0.026641950665478524
tmin_start,Nhiệt độ,-0.025700487379045917,0.053764153750403665,True,0.025700487379045917
tmax_a8,Nhiệt độ,0.022872831011635914,0.04582183482975122,False,0.022872831011635914
vmax_a1,Cực trị cell,-0.0225667703968785,0.08787376316779572,False,0.0225667703968785
r_proxy,Điện trở,0.022104857263448748,0.05239946376761928,False,0.022104857263448748
tmin_a5,Nhiệt độ,0.021843744815470075,0.05911632259528776,False,0.021843744815470075
vcell_p1,Điện áp,-0.01715025798129557,0.08019164702910508,True,0.01715025798129557
tmax_start,Nhiệt độ,-0.0165128698335316,0.06143703477874496,True,0.0165128698335316
tmin_a8,Nhiệt độ,0.01616938291487656,0.04666854419477051,False,0.01616938291487656
soc_hi_dist,SOC,0.012626786078834067,0.00016663888425716422,False,0.012626786078834067
tmax_mean,Nhiệt độ,0.012186941684327286,0.07827468394689063,False,0.012186941684327286
tmax_peak,Nhiệt độ,0.012056831406585714,0.04824000654745175,False,0.012056831406585714
vcell_f3,Điện áp,0.007719092941505538,0.06489338023621283,False,0.007719092941505538
vmin_a1,Cực trị cell,-0.006366638706869039,0.07375014855871775,False,0.006366638706869039
tmin_a2,Nhiệt độ,-0.005785859396412864,0.056520822604198884,False,0.005785859396412864
tmax_end,Nhiệt độ,0.005306389142106997,0.048979228587178625,True,0.005306389142106997
tmin_mean,Nhiệt độ,0.004773961261153143,0.050512090050651715,False,0.004773961261153143
tmin_end,Nhiệt độ,-0.0026403623287356063,0.052213071779198206,True,0.0026403623287356063
tmax_a2,Nhiệt độ,0.0018009387329711304,0.0599123859944557,False,0.0018009387329711304
soc_lo_dist,SOC,,0.0,False,
