,0
i_min,0.116485745
i_a10,0.09738845
i_end,0.036341377
v_end,0.027615743
vcell_range,0.023369972
ic_b7,0.018965418
vcell_max,0.01875959
dv_area,0.018595984
i_q10,0.017812867
spread_p10,0.01676807
dv_q4,0.01651216
ic_b5,0.014836372
soc_hi,0.013597856
dv_q3,0.012635457
ic_b9,0.01253943
ic_b6,0.0124633955
spread_max,0.011651492
dv_d9,0.0116397375
i_q50,0.011285378
vmin_p10,0.010707763
v_slope,0.010490014
v_range,0.009966209
dv_q1,0.009656115
i_q25,0.008871357
vmax_headroom,0.008421446
spread_p0,0.007838575
tmin_a8,0.0077349846
vpack_std,0.0075984453
spread_mean,0.007473301
tmax_end,0.0074037793
ic_b4,0.0072118593
vmax_a7,0.00678338
tmax_mean,0.006759404
dv_q2,0.006751301
vmin_a8,0.0066953017
ic_b8,0.006683601
spread_a3,0.0066664135
soc_mid,0.006657072
v_start,0.006392386
vcell_p7,0.00630488
vmin_a9,0.0061767534
vcell_std,0.0060150335
dv_q0,0.005997483
tmax_start,0.0059617846
dv_d8,0.0052281367
tmax_a2,0.005225218
v_mid,0.0051440033
vcell_p3,0.005106338
tmax_a8,0.0051044365
spread_p2,0.0050435704
vcell_p4,0.0050301645
vcell_f5,0.0049492596
spread_growth,0.0047787745
i_q90,0.004768835
dv_max,0.004709309
vcell_f13,0.0046222964
i_taper,0.0045120227
vcell_p9,0.0043544313
vcell_f1,0.004311888
soc_lo,0.0041913236
vcell_f3,0.004144255
vmin_a7,0.004134408
vcell_p10,0.004062822
vmax_a3,0.004004232
i_q75,0.0038292687
i_max,0.0038073782
vcell_f19,0.003557883
tmin_a5,0.0035454754
vcell_f15,0.0035301438
tmax_a5,0.003383233
tmin_trough,0.003379026
tmax_peak,0.0033540267
vcell_p0,0.0033442306
spread_a4,0.0033307516
ic_b3,0.0033263513
spread_a7,0.0033189522
r_proxy,0.0033157305
vcell_f11,0.003288705
vcell_p6,0.0031943086
vcell_p8,0.0031116882
d2v_q0,0.003086619
spread_a1,0.0030079861
dv_d7,0.0029593175
vmax_a6,0.0029282358
i_a5,0.0029159999
vmax_p0,0.0029110229
tmin_mean,0.0028770957
ic_b0,0.002851587
vmin_p5,0.0027982283
i_mean,0.0027458058
i_std,0.0027429531
vmax_a1,0.0027417368
ic_b2,0.0026926154
vcell_f7,0.0026383724
dv_d5,0.0026356452
vpack_mean,0.0026290233
dv_d1,0.002622984
vcell_f17,0.002510962
vmin_headroom,0.0024843868
vpack_kurt,0.0024749015
vcell_p2,0.0024136477
dv_d3,0.0024094256
vmax_a4,0.0023393887
ic_b1,0.0023286408
vcell_min,0.0022951856
dv_d4,0.0022498672
vmin_a1,0.0022112406
tmin_a2,0.0022035928
vcell_kurt,0.0021710866
vmin_a2,0.0021674219
i_first,0.00215821
vcell_mean,0.0021030295
i_range,0.002082632
dv_d0,0.0020762724
vmax_a2,0.0020261754
vcell_p1,0.0020043743
vcell_skew,0.0019926957
tmin_end,0.0019628878
vcell_p5,0.0019598855
dv_d6,0.0019544498
i_a0,0.0019436107
i_slope,0.0019314601
vcell_f9,0.0019243989
vmax_a9,0.001862032
tmin_start,0.0017855994
vmax_a8,0.001754241
dv_d2,0.0017500245
soc_span,0.0017083002
tmax_rise,0.0016964059
vmin_a6,0.0016372951
vpack_skew,0.0016246466
spread_std,0.0015935287
vmin_p0,0.0015853902
r_proxy_end,0.0015123197
tmin_rise,0.001504736
vmin_a4,0.0014788056
tmax_std,0.0014690299
spread_p5,0.001465892
iamp_std,0.0014469526
tmin_std,0.0014119693
spread_a9,0.0013574588
tgrad_max,0.001294124
vmax_p5,0.0012430542
dv_min,0.0012070328
spread_skew,0.0012004501
vmax_p10,0.0011462363
spread_kurt,0.0010812114
spread_a6,0.0010804073
iamp_kurt,0.0010590993
soc_hi_dist,0.0010317828
d2v_q1,0.0010159994
tmax_skew,0.0009815745
vmin_a3,0.00097651535
iamp_skew,0.00094426493
tmin_skew,0.000870182
d2v_q3,0.0008473997
spread_p8,0.0008277478
c_rate,0.00079674425
tgrad_mean,0.0007894765
d2v_q2,0.0007791591
dv_argmax,0.0007460711
iamp_mean,0.0006909146
tmax_kurt,0.00065086136
tmin_kurt,0.00057370286
tgrad_end,0.00045477203
tgrad_start,0.0003754944
soc_lo_dist,0.0
