,1,5,9,13,17,trung_binh,nhom
soc_hi,1.8128262298030233,1.5810127033660613,0.49457799035539063,1.8233003235551397,1.5327004480091175,1.4488835390177468,SOC
soc_mid,1.0305822409836989,0.9869317334157293,0.08085981999110547,1.143900912548176,1.0045922383276733,0.8493733890532766,SOC
dv_area,0.5318914458911974,0.39034875436901695,0.26073752465687994,0.4453154014527092,0.6349732064451747,0.4526532665629956,Độ dốc
i_min,0.5312163122280718,0.4157747589375096,0.2803751024098151,0.45039852365823485,0.45253336367355956,0.42605961218143823,Dòng sạc
dv_q4,0.38685816762467407,0.3876872935115139,0.44793628502852467,0.31270182739248087,0.4643040453268168,0.39989752377680204,Độ dốc
ic_b4,0.41475884065013724,0.36075392248172533,0.32908084602260246,0.3622994937107653,0.3690763720134025,0.3671938949757266,Đường cong IC
ic_b5,0.42435732221655464,0.270359064701887,0.42982464419674393,0.19148928313283697,0.3890549909980092,0.34101706104920637,Đường cong IC
ic_b7,0.3390983168570505,0.26269922667496615,0.39937157334460993,0.3254211862221452,0.36755371489676536,0.33882880359910744,Đường cong IC
ic_b6,0.37311304375202625,0.2785505717081076,0.3108808252586126,0.24031190459655516,0.3333780323195019,0.3072468755269607,Đường cong IC
dv_q3,0.30169241781151523,0.2612428196926093,0.35099780364535826,0.2137694062272728,0.2794604762611925,0.28143258472758964,Độ dốc
i_a10,0.26592181827145556,0.19268854335394336,0.34539670144053325,0.21474936698823655,0.2864635024422886,0.26104398649929145,Dòng sạc
ic_b8,0.26109402814498694,0.19911199556805137,0.330413044678743,0.12939602750305212,0.25178097502462027,0.23435921418389075,Đường cong IC
ic_b1,0.14903778892909125,0.2619037281785823,0.11962986346350668,0.18508598797005416,0.15941956833587567,0.17501538737542202,Đường cong IC
dv_d1,0.17247402547631352,0.1625295753602789,0.056891880231929814,0.17220313204614346,0.10824314112597722,0.13446835084812858,Độ dốc
ic_b3,0.13902068185331884,0.12221975714568534,0.1916863550328083,0.0384955354834009,0.15152392038926243,0.12858924998089516,Đường cong IC
soc_lo,0.14689205045809017,0.1685210900783385,-0.08331990768531083,0.21579315910317032,0.1551833834523877,0.12061395508133517,SOC
dv_q1,0.14159355946429053,0.08569320650931855,0.05593783404147867,0.12130074504563693,0.0847174584784165,0.09784856070782824,Độ dốc
v_range,0.12358547374438378,0.06466359375388153,0.13500686167159293,0.061410770012638505,0.10427599396965914,0.09778853863043117,Điện áp
soc_span,0.08527101935073422,0.12756464840743864,0.046786788944380486,0.10976313809102667,0.10450381729601044,0.0947778824179181,SOC
ic_b9,0.05344208115765081,0.05701250545444325,0.20266506887742652,-0.02279716860963399,0.10460318992779016,0.07898513536153536,Đường cong IC
vcell_kurt,0.1158617703328082,0.09616786747541539,-0.06292614610006986,0.14030241561615586,0.09803796084405159,0.07748877363367224,Điện áp
dv_q0,0.07875409616933249,0.07491956082978501,0.07238188799322298,0.10087326798754193,0.05910694323516852,0.07720715124301018,Độ dốc
ic_b2,0.07182359681882722,0.08691739003658006,0.11376829630087526,0.04350435346651871,0.06570599106262609,0.07634392553708547,Đường cong IC
i_q10,0.06365449967243575,0.03279825588621499,0.05794369347448347,0.13528379362626852,0.08290635308484084,0.07451731914884871,Dòng sạc
d2v_q0,0.08122928251743788,0.030842339496837123,0.055773338112980575,0.06542969670905574,0.08711132067790017,0.0640771955028423,Độ dốc
dv_d5,0.03722848954401581,0.03987545154492467,0.2517510909772742,-0.03387756608707004,0.02249030476558911,0.06349355414894675,Độ dốc
dv_q2,0.059509119421818024,0.0548922731077639,0.13759225744274106,-0.003106094150455707,0.06843398737922723,0.0634643086402189,Độ dốc
v_end,0.10357986975550038,0.0719691297850058,0.04296318744749694,0.029578758826137364,0.06013799581692392,0.06164578832621288,Điện áp
dv_d8,0.04308875907320098,0.03819949160440084,0.11822472416963237,-0.011945228212750347,0.08395148808605768,0.0543038469441083,Độ dốc
spread_max,0.053513040246650156,0.015601171148822424,0.1390546697767272,0.029148568220350057,0.026436379031666624,0.05275076568484329,Chênh lệch cell
i_end,0.047368630411120716,0.045302380566210276,0.012981059689966212,0.09036411961452817,0.06322837755006261,0.051848913566377594,Dòng sạc
spread_a1,0.03503643445645399,0.045626233019210094,0.023018004309466544,0.09429274621733397,0.05394276431238598,0.05038323646297012,Chênh lệch cell
i_slope,0.05522986626127602,0.07003218360592678,0.0698495870991156,0.032705417928273306,0.020559845080148076,0.049675379994947956,Dòng sạc
vcell_p2,0.06280451000875087,0.058163298716326084,-0.04952109648923875,0.11524897873185713,0.04220966355686073,0.045781070904911216,Điện áp
r_proxy,0.028296031665247634,0.02787122575676837,0.009245386076839335,0.10717135986704429,0.04418577865110329,0.04335395640340058,Điện trở
vcell_f9,0.018953220554129624,0.047087732950263916,-0.006289421467738698,0.09382016487756362,0.05253119340750145,0.04122057806434398,Điện áp
dv_d9,0.03591037430530375,0.00394498433004542,0.10026408605766868,0.005120057857345817,0.05506866172943514,0.04006163285595976,Độ dốc
vmin_p10,0.069305645176587,0.0025464031812685306,0.06373789948916908,0.016576109859224086,0.04790487675486843,0.04001418689222343,Cực trị cell
dv_d7,0.03419272959830133,0.008405990338722358,0.08217163559843721,0.02694423874005558,0.0463979907685792,0.039622517008819136,Độ dốc
i_q25,0.02584088540995655,0.009409549153639007,0.06984440933191527,0.036436030044417755,0.0495150476360362,0.038209184315192955,Dòng sạc
vpack_mean,0.03688061847316937,0.03514177199933366,0.03532426707346881,0.014368026627911146,0.0628926682789579,0.036921470490568174,Điện áp
spread_p0,0.010712689708918033,0.0393245928223287,0.006179848472564586,0.08847409175040966,0.02047002098043582,0.03303224874693136,Chênh lệch cell
vcell_f15,0.022952156019298897,0.00044131418973547554,0.049145410022117364,0.058312536427965966,0.0291795241481001,0.03200618816144356,Điện áp
dv_d6,0.017004633015061277,0.0011837591122794144,0.1457545376426883,-0.02482844897602554,0.008074104131107429,0.029437716985022178,Độ dốc
vcell_p7,0.04786511845425778,0.016354938412178832,0.02670023531982224,0.012106818547233278,0.03416660644049219,0.027438743434796863,Điện áp
tmin_a8,-0.0021530746934175227,0.033543230113779465,0.03449204673427975,0.058559725674030005,0.008110821564406345,0.02651054987861561,Nhiệt độ
vcell_p5,0.03836577906111449,0.02847969032798936,-0.015225889609795207,0.04933229161902952,0.03062559312848734,0.0263154929053651,Điện áp
spread_growth,0.011708341476783568,0.01312171996273137,0.012205701017751203,0.07654646529349174,0.011606962015734634,0.025037837953298503,Chênh lệch cell
vcell_range,0.03376171047401999,0.016509334656451102,0.0163396046525901,0.04668472548532021,0.008968889830500926,0.024452853019776465,Điện áp
vcell_f7,0.04631018833899003,0.02355472562474281,-0.019182253100871627,0.050659290239954746,0.018334879033712337,0.02393536602730566,Điện áp
vcell_p6,0.02401342514746241,0.018347179513747758,0.008257356549992156,0.038729810121926445,0.028430751658514497,0.023555704598328654,Điện áp
vcell_f11,0.018584631772936788,0.011032309970387288,0.015176257675681093,0.034144993681359814,0.03802925844422411,0.023393490308917818,Điện áp
vcell_mean,0.030505583418036997,0.021579610655182435,0.02884836144916081,0.0017273939480011435,0.02983343884027989,0.022498877662132256,Điện áp
vcell_p3,0.04833860044504168,0.02550101060064236,-0.03177390157288196,0.04805543574928528,0.0222930960856913,0.02248284826155573,Điện áp
vcell_p8,0.022630322724664698,0.005065250370857033,0.009614968731703755,0.04304421130430258,0.028519249421352866,0.021774800510576186,Điện áp
vcell_p0,0.03507574897790455,0.03701622553010964,-0.038939892070182225,0.054052064659690036,0.018003335569357626,0.021041496533375927,Điện áp
vcell_f17,0.0175091753715666,0.02822032632095195,-0.004715299577206178,0.028735678182361557,0.030176106739940423,0.01998519740752287,Điện áp
i_taper,0.011983404014532129,0.007084121679538313,0.05172218255900862,0.012264743076052742,0.015794971372776745,0.01976988454038171,Dòng sạc
vmax_a1,0.00950569848713867,0.016208517865438976,-0.005010447825316344,0.07166283630987591,0.00618495102697203,0.01971031117282185,Cực trị cell
vcell_f5,0.014597193309350276,0.024440855830061947,-0.02839695509593776,0.0634214282027954,0.02154288356679146,0.019121081162612262,Điện áp
spread_skew,0.007286379712629021,0.023421642022965594,0.006043803335684661,0.04191691556512955,0.01568300730248029,0.018870349587777824,Chênh lệch cell
vcell_skew,0.020694219678960568,0.017964018269438053,-0.019956834297422343,0.042674883939929575,0.032445153197488086,0.018764288157678787,Điện áp
vcell_f3,0.010723649570500315,0.050891544056831384,-0.025248663297924523,0.035092804764145225,0.020381547476164608,0.0183681765139434,Điện áp
r_proxy_end,0.001152765824463886,0.008709022384861376,0.05235811748042796,0.010183870393704275,0.015429674158323747,0.01756669004835625,Điện trở
i_mean,-0.00015904995477322714,0.004074428166440658,0.03117419534647725,0.05196966063399655,-0.0002696391965091305,0.01735791899912642,Dòng sạc
tmax_mean,0.0030886951397486317,0.0270820853318523,0.01990616461029715,0.02865470654095814,0.0074032835880510905,0.017226987042181462,Nhiệt độ
vcell_f13,0.017642953953826535,0.019364856791438845,0.01011835314088172,0.021265946117460466,0.016749438964730246,0.01702830979366756,Điện áp
d2v_q3,0.02009573783046603,0.010588659313536697,0.01852367863113491,0.011966247544918929,0.02281161803826226,0.016797188271663765,Độ dốc
spread_p2,0.009814797636702233,0.006363010714284911,0.012543916457363746,0.031766445318013314,0.022838023913362537,0.01666523880794535,Chênh lệch cell
i_first,0.021784367116912673,0.018134222206890316,0.017871017944190548,0.01878041343732928,0.0021115024882969458,0.015736304638723952,Dòng sạc
dv_d0,0.0037741365652159686,-0.0003534254211357002,0.05005132709138582,0.020402760385060503,0.002194773016539475,0.015213914327413213,Độ dốc
i_q50,0.009153631783644034,0.003173706698356371,0.033195994106753,0.013784683971419742,0.012398330788773393,0.014341269469789308,Dòng sạc
vmax_p0,0.01862715429737616,0.014847499630593841,-0.00750832319382555,0.045036668603797736,0.0006880060308831482,0.014338201073765067,Cực trị cell
vcell_f1,0.011813121770121393,0.027992047147165522,-0.012967702961713456,0.029091665981145987,0.01298901374537098,0.013783629136418086,Điện áp
vmin_a2,0.003690647485211862,0.009475444800496335,0.025443211841639002,0.016440264988345277,0.01382446309697305,0.013774806442533104,Cực trị cell
vcell_p4,0.01858086072440246,0.010299069428697516,-0.03875261200452673,0.04627899903395427,0.03241649877988828,0.013764563192483158,Điện áp
i_std,0.020327841613360764,0.012535210948513287,0.0009498679705077784,0.01973746883719274,0.014552836370010924,0.0136206451479171,Dòng sạc
vcell_p9,0.021687223435171266,0.020390334292481604,-0.00012034432804419737,0.01108916322252318,0.01486755502147763,0.013582786328721896,Điện áp
tmax_end,0.0026733856910630127,0.013806453902584614,0.013852932611367219,0.034735930247202784,0.00275469621131319,0.013564679732706164,Nhiệt độ
vmin_a7,0.009960626214358337,0.0068686201693006765,-0.0018821426396549157,0.03903496935766837,0.010141989620009007,0.012824812544336294,Cực trị cell
tmin_std,0.023161521422361053,0.0029077763138736223,0.00820012514626045,0.011288876169914364,0.018326540425913196,0.012776967895664538,Nhiệt độ
vmin_a9,0.01389414790979071,0.0027808141485681226,0.01652010403077009,0.024637882529261024,0.005077991788150493,0.012582188081308088,Cực trị cell
spread_std,0.010072287823800652,0.012721238809494606,0.029231014151237744,-0.002672166600320214,0.011156381261919979,0.012101751089226554,Chênh lệch cell
i_q75,0.005702069880792582,0.0059568431550407475,0.020059058489044546,0.0138452139222065,0.014325703049487437,0.011977777699314362,Dòng sạc
ic_b0,0.01745916395313385,0.02779621905405394,-0.009921475811137892,0.01587918449571779,0.008274907177585389,0.011897599773870615,Đường cong IC
dv_d2,0.00046730995910149176,0.012109355514958953,0.0037221936415683388,0.01401732775361042,0.028466814104396,0.01175660019472704,Độ dốc
vcell_f19,0.006979564980589492,0.008910997374852458,0.0011619550410233437,0.02745345068014604,0.011237180957974768,0.01114862980691722,Điện áp
tmax_std,0.01679451099984397,0.0008212458863317007,0.006661369428098585,0.025051126598711004,0.005783595818515508,0.011022369746300154,Nhiệt độ
spread_mean,0.008897675885777057,0.00012655111151405052,0.016384278248663176,0.021430503569141113,0.007383355519743784,0.010844472866967835,Chênh lệch cell
spread_p10,0.02744086391497369,0.0018404266526126367,0.013387120492918125,0.001260741037742985,0.00797895674145832,0.010381621767941152,Chênh lệch cell
i_max,-0.004715668449860599,0.004638064398207131,0.02920127361730307,0.009717018557232393,0.01116426387136471,0.01000099039884934,Dòng sạc
v_start,0.018385346429016014,0.010690812342883271,-0.005889740520260478,0.011130153455862324,0.015136821257985877,0.009890678593097401,Điện áp
vmax_p10,0.019738337444422438,0.0009423681045932497,0.010925786947113991,0.01047041177910124,0.005461510797055036,0.009507683014457192,Cực trị cell
vcell_std,0.017575543843818986,0.006952469835229236,0.010884750344979821,0.0038112610007154935,0.008080783564567984,0.009460961717862305,Điện áp
vmax_headroom,0.017265860358626872,0.009867458151887831,0.004697154197653042,0.013211029800176632,0.0015420731891333528,0.009316715139495547,Cực trị cell
spread_a3,0.007893616127639058,0.00028687133068494575,-0.003329581919068403,0.023073959882239148,0.0170624698574926,0.00899746705579747,Chênh lệch cell
dv_min,0.013307540802623308,0.017367302448227262,-0.0332968805235927,0.03498329668328948,0.011311401213430994,0.008734532124795668,Độ dốc
tmin_mean,-0.0011713858772715025,0.013992583053066499,0.011200608057901018,0.021835821082121232,-0.002834845537493802,0.008604556155664689,Nhiệt độ
i_a5,0.006017450527105339,0.004611993647744894,0.007353172713238987,0.01921857381594494,0.005740827608640364,0.008588403662534905,Dòng sạc
vmin_a6,0.01497064944709603,0.005973270148012633,0.003622226009186935,0.014340023205813068,0.0019171985638115618,0.008164673474784046,Cực trị cell
v_mid,0.009126191024844577,0.010042953279004063,-0.0075428546876290525,0.028475981681841844,0.0005904202500552902,0.008138538309623345,Điện áp
vmin_a3,0.00392384382152744,0.01506119852494181,-0.02698260304157518,0.02554197872709496,0.019568465516539568,0.00742257670970572,Cực trị cell
dv_d3,0.0031026715801840687,0.003935713817376119,0.025367850061940977,-0.00265229740604056,0.007040863740358727,0.007358960358763866,Độ dốc
vmin_a8,0.010689154835908043,0.007493870105761635,0.005309764105192016,0.004038184545283485,0.00844471729584284,0.007195138177597604,Cực trị cell
tmax_skew,0.010762571580039015,0.004332265336330909,0.003678963041117367,0.009738823484641834,0.006619250378928188,0.0070263747642114625,Nhiệt độ
tmax_a8,-0.003836049316004564,0.006539759457644401,0.012843576466091022,0.019740882331714005,-0.0008545474232966033,0.006886724303229652,Nhiệt độ
spread_a9,0.0019361197350202808,0.002014488509469725,0.007136855413126586,0.024855173984485113,-0.003155931018021363,0.0065573413248160685,Chênh lệch cell
spread_a6,0.0007509305354860274,-0.0004950234932450392,0.0038717597016759697,0.027663516001317223,0.000979114278731652,0.006554059404793167,Chênh lệch cell
vmax_a2,0.011867606146694465,0.002562691401293282,-0.01400986877457866,0.02342734279157499,0.008684553905084602,0.0065064650940137355,Cực trị cell
tmin_skew,0.008711481741873195,0.004568096428125168,-0.0018335295659483997,0.016310609041550794,0.004575875778757288,0.006466506684871609,Nhiệt độ
vmin_p5,0.005410750332518921,0.007391606096952108,-0.0009566098270803458,0.01719790402643806,0.0031083948184311705,0.006430409089451983,Cực trị cell
tmax_start,0.007247763268004137,0.01464419100957337,0.005726724363432023,0.007515986504492478,-0.003448195833382073,0.006337293862423987,Nhiệt độ
dv_d4,0.011764373356620172,-0.004574755584184409,0.01641837061643381,-0.0011153698376493715,0.006515603209121146,0.005801644352068269,Độ dốc
vmin_a4,0.002025524753768382,0.004115882963460216,-0.010436388582470535,0.0296174792362649,0.002021323056991653,0.0054687642856029225,Cực trị cell
tmax_peak,-0.004818269084754245,0.010549352473453455,0.0038458480532632677,0.015055401663183865,0.002498501135358433,0.005426166848100955,Nhiệt độ
vmax_p5,0.005305216560267834,0.006512800871538937,-0.0025708471723211446,0.0048848461259130005,0.012844588853367256,0.005395321047753176,Cực trị cell
dv_max,0.004689291082716096,-0.011134254101773378,0.049356560484921985,-0.015752450297284337,-0.000587181169232176,0.005314393199869638,Độ dốc
vmax_a4,0.011912790748744406,-0.0004495230791332627,-0.001040165739997878,0.01950174962908857,-0.003396819759178049,0.005305606359904758,Cực trị cell
tmin_start,-0.0033342469613140135,0.022277012559798637,-0.004152715522713901,0.008954063974005333,0.002655415882254264,0.005279905986406064,Nhiệt độ
i_range,0.004534439094089793,0.006797291774299774,0.004099115823110289,0.0055536678899006375,0.00449929642723057,0.0050967622017262125,Dòng sạc
tmax_a2,-0.0005683711492183718,0.009479753010263714,0.005765530722663392,0.009653524448414164,3.3659455244805514e-05,0.004872819297473541,Nhiệt độ
spread_kurt,0.008605110315757392,0.003253789928404194,-0.0027668507136917597,0.013644546716866657,0.001558671316209681,0.004859053512709233,Chênh lệch cell
vpack_skew,0.00024712317912234383,0.005208581487029962,-0.001959523387566886,0.01880025509860639,0.001698352441755091,0.00479895776378938,Điện áp
vmax_a7,0.002547377881778612,-0.0030901063840029774,0.005729334343714587,0.011722344744007795,0.006947528230484279,0.004771295763196459,Cực trị cell
vcell_max,0.005752296038390892,0.002501061588036757,0.0017341383996991588,0.006255434429051299,0.007247703569835062,0.0046981268050026335,Điện áp
vmax_a6,0.002100928630540899,0.008785036867428708,0.002734422076244414,0.006231266657613421,0.0033692432152019336,0.004644179489405875,Cực trị cell
vmax_a3,0.004711951350677701,0.008918131121906647,-0.0029968357641791954,0.007222295071921181,0.004508407979589624,0.0044727899519831915,Cực trị cell
vcell_p10,0.007406625197369454,0.004794838416321667,-0.01810140542417482,0.012678338705517156,0.015582412782807253,0.004472161935568142,Điện áp
vmin_a1,0.012538678331988296,0.01712797014222822,-0.007316247843635271,-0.0038260827458498348,0.0038077346605822626,0.004466410509062735,Cực trị cell
tgrad_mean,0.0024816078387825957,0.004672955077421825,0.0011202931927787319,0.00522648415062843,0.008466730867343175,0.004393614225390951,Nhiệt độ
i_a0,0.0013916853986180033,0.005514154152489015,0.0015119116118942344,0.007870641558397562,0.003788927983726209,0.004015464141025005,Dòng sạc
spread_a7,0.004054357997105518,0.007094038475656372,0.0071811274330366714,0.0037240047398290343,-0.0030182536653851066,0.003807054996048498,Chênh lệch cell
vmin_p0,0.004436005386677655,0.015013094216056011,-0.02426577024408605,0.019153397567397867,0.0036212609137085128,0.0035915975679507994,Cực trị cell
v_slope,0.0018607910768682068,0.009526423316600141,-0.001215528821911338,0.00804200298702229,-0.0005463948550534781,0.0035334587407051645,Điện áp
vmin_headroom,-0.0007421120193558117,0.0021735194996752583,0.003953117283338692,0.007806967066184001,0.004267503227318503,0.0034917990114321285,Cực trị cell
vpack_kurt,0.011557695524148759,0.019027668314226753,-0.03994896143220261,0.02085968469258237,0.005711463307201514,0.0034415100811913566,Điện áp
vcell_min,0.003619608864291024,0.00027710433833649795,-0.002045201072953695,0.014096889940983903,3.5372781924447594e-05,0.0031967549705164354,Điện áp
d2v_q2,0.0011452060490435567,0.005070991837730965,0.0020953477525753605,0.0038227803489943035,0.0028749252388349245,0.003001850245435822,Độ dốc
vcell_p1,0.008844789735994008,0.003382610140397535,-0.06024580961139625,0.04880351118775561,0.013676876789179504,0.0028923956483860812,Điện áp
tmin_a5,0.0022892088573127634,0.0035196167297444347,-0.0018514066326993373,0.010247418759601334,-5.310338894748412e-05,0.0028303468650023424,Nhiệt độ
i_q90,0.0032496088720557204,0.00036711535810107776,-3.888751879488339e-05,0.006334043485947571,0.0026146189625377847,0.002505299831969454,Dòng sạc
tmax_rise,0.00014232496427846186,0.009324889693301808,0.002615580382160587,0.0007997073471646132,-0.0012027742984710432,0.0023359456176868854,Nhiệt độ
tmin_end,-0.0042862874839526555,0.010322666403473457,0.003524488698005257,0.003601465597253828,-0.001739259682544736,0.00228461470644703,Nhiệt độ
iamp_skew,-0.0010451122588304163,0.0011039142434887683,0.0084929443977666,-0.0015410935390924863,0.0033129310516122334,0.0020647167789889396,Dòng sạc
spread_p8,0.004263911300417922,0.0028370487052253868,-0.002213694971687108,0.005444088206207454,-0.00018199208524194432,0.002029872230984342,Chênh lệch cell
iamp_kurt,0.004598743262428595,0.0030213107491330327,0.002706539730574775,-0.002791039906484105,0.00215487935376113,0.0019380866378826856,Dòng sạc
tmax_a5,-0.0016210887113312644,0.003729203124149816,0.0015987323888722038,0.002937161479813266,0.0019630858358594683,0.001721418823472698,Nhiệt độ
tmin_trough,-0.0023340885507283637,0.006659969296830992,0.00019965790087139723,0.0028357558537428496,0.000405183246481311,0.0015532955494396371,Nhiệt độ
tmin_rise,0.0007643114448638855,0.00643731735591313,8.246066229666837e-05,-0.00017977713852301846,0.00047349598825729977,0.0015155616625615932,Nhiệt độ
vpack_std,0.00014434023089782144,0.006598579056237286,-0.009235885432021362,0.007379781455713275,0.0022252554169064354,0.001422414145546691,Điện áp
iamp_std,0.0032085033642850203,0.0007852941147441506,-0.0031053316643196993,-0.0006740874110691131,0.0057536527205375165,0.001193606224835575,Dòng sạc
d2v_q1,0.0001863231997953907,0.004132526266990899,-0.004050209127346882,0.003329775771885757,0.0016023627796744044,0.0010401557781999139,Độ dốc
dv_argmax,-0.0005032009271950244,-0.0007990703410449829,0.006782272374378451,0.002330763739399888,-0.003091466571238044,0.0009438596548600575,Độ dốc
c_rate,0.0017940755383127893,0.002583349313124872,-0.002862748793496017,0.0030000601716997366,-0.000639199935116963,0.0007751072589048836,Dòng sạc
tmax_kurt,0.004126362003453066,0.003518705870094063,-0.0090466792655568,0.0020928416262657734,0.00306378517269823,0.0007510030813908664,Nhiệt độ
spread_p5,-0.0005101080997509388,0.004096700978529766,-0.0025978222913156657,0.0047178881609974965,-0.002078678305218018,0.000725596088648528,Chênh lệch cell
soc_hi_dist,0.0013973773596791528,0.0,0.0009746473728680094,0.0005671301203507007,0.0,0.0005878309705795726,SOC
vmax_a9,0.0030340711434617695,0.0007191115357891853,-0.0002344092086690175,-0.0026844919193185213,0.0010655328139426157,0.00037996287304120635,Cực trị cell
tmin_a2,-0.006613124531101855,0.0018261597376210137,0.0003982148498438143,0.01083483545972852,-0.00460008919559618,0.0003691992640990627,Nhiệt độ
tgrad_end,-0.00026350771336836054,-0.00020862056294923548,0.0004038332757265728,4.0332462695857885e-05,0.0015353104726154587,0.0003014695869440587,Nhiệt độ
tgrad_start,-0.00023057986840768763,0.0006315293116871956,0.00040448066826392903,-7.022599776052019e-05,0.0003191456190971831,0.00021086994657602,Nhiệt độ
soc_lo_dist,0.0,0.0,0.0,0.0,0.0,0.0,SOC
tgrad_max,-0.00017797001665287304,-1.1104585819543544e-05,0.00022843826611573803,0.00043780810655347224,-0.0006305086685924888,-3.0667379679139016e-05,Nhiệt độ
vmax_a8,0.0067264434667058115,0.002230376964894809,-0.007448523871623092,-0.0010118071216784763,-0.0007127345040822686,-4.32490131566432e-05,Cực trị cell
iamp_mean,-0.0033645303141049965,-3.67931377165398e-05,0.0009121970844585547,0.00016530523480895454,0.0015348462351050252,-0.00015779497948980036,Dòng sạc
spread_a4,-0.014432220218217218,0.00564827846379945,-4.39725635117405e-05,0.006597288117306643,-0.0019147049363270607,-0.0008290662273899851,Chênh lệch cell
tmin_kurt,-0.0012067574637053546,-0.0031190076674108003,-0.003334742092386378,0.0014593780939096135,0.0014569264240791302,-0.0009488405411027578,Nhiệt độ
