xe,khong_trong_so,co_trong_so,rong_khong,rong_co
1,0.9191729323308271,0.9768170426065163,5.45102992498218,22.53986219644652
2,0.9137086903304773,0.9675642594859241,5.948363573746917,9.228418836603112
3,0.9245524296675192,0.9961636828644501,5.995567843967052,30.159660382337393
4,0.9299754299754299,0.9907862407862408,5.634971733447685,28.550511356557863
5,0.9492481203007519,0.981203007518797,6.147164760491819,10.439228172874948
6,0.9127645926876202,0.9993585631815266,5.757445120153648,27.8881425821438
7,0.9129593810444874,0.9632495164410058,5.759010652828806,8.245515139818863
8,0.882093316519546,0.9993694829760403,6.076840247150727,26.55687603707746
9,0.7403314917127072,0.9993861264579497,5.5528877812137125,40.3275653483073
10,0.8602885345482156,0.9977220956719818,5.7383021145394935,62.28220582310554
11,0.8806636885768986,1.0,5.709969902886343,27.58775982613996
12,0.8655194391332058,0.9343530911408541,5.6363904678457,7.706893392788345
13,0.8601864181091877,0.9993342210386151,5.734789865930111,32.046207465851
14,0.8911439114391144,0.9969249692496925,5.752788722480375,26.740818664601022
15,0.9401645474943904,0.9910246821241586,5.772907990270625,24.01915834312655
16,0.9045346062052506,0.977326968973747,5.723945919282244,41.73696360913118
17,0.9233401779603012,0.9774127310061602,5.837336189778711,17.46541687011711
18,0.8320194057004245,0.9993935718617344,5.585007145105834,29.179939313001455
19,0.8920953575909661,0.9937264742785445,5.707013568107044,22.666813406608355
20,0.8318858560794045,0.9975186104218362,5.835495860042727,25.07098286063666
